order_item_id,order_id,product_id,quantity,unit_price,total_price
ITEM00001,ORD02330,PROD00214,2,1735.18,3470.36
ITEM00002,ORD03559,PROD00383,1,1630.24,1630.24
ITEM00003,ORD00488,PROD00262,2,206.65,413.3
ITEM00004,ORD03260,PROD00405,3,789.61,2368.83
ITEM00005,ORD03340,PROD00040,2,1102.02,2204.04
ITEM00006,ORD04082,PROD00270,1,2683.33,2683.33
ITEM00007,ORD01180,PROD00267,4,1025.39,4101.56
ITEM00008,ORD02862,PROD00309,2,3288.46,6576.92
ITEM00009,ORD04159,PROD00022,2,3329.16,6658.32
ITEM00010,ORD00541,PROD00247,3,601.81,1805.43
ITEM00011,ORD03151,PROD00025,1,4041.8,4041.8
ITEM00012,ORD01896,PROD00032,2,1091.43,2182.86
ITEM00013,ORD02392,PROD00145,5,4094.49,20472.45
ITEM00014,ORD02469,PROD00128,1,2692.79,2692.79
ITEM00015,ORD03522,PROD00028,4,3298.19,13192.76
ITEM00016,ORD04956,PROD00471,2,3417.22,6834.44
ITEM00017,ORD03861,PROD00467,2,527.09,1054.18
ITEM00018,ORD01298,PROD00351,5,2747.41,13737.05
ITEM00019,ORD01969,PROD00477,1,253.93,253.93
ITEM00020,ORD03385,PROD00256,4,2479.06,9916.24
ITEM00021,ORD03727,PROD00123,4,3937.3,15749.2
ITEM00022,ORD03737,PROD00194,4,1776.13,7104.52
ITEM00023,ORD02448,PROD00170,3,1849.69,5549.07
ITEM00024,ORD01705,PROD00129,5,4439.56,22197.8
ITEM00025,ORD02711,PROD00413,5,643.05,3215.25
ITEM00026,ORD00910,PROD00056,3,1090.01,3270.03
ITEM00027,ORD01674,PROD00294,1,784.58,784.58
ITEM00028,ORD01926,PROD00422,3,1920.17,5760.51
ITEM00029,ORD01109,PROD00099,1,2733.05,2733.05
ITEM00030,ORD00674,PROD00106,2,1024.1,2048.2
ITEM00031,ORD00573,PROD00160,3,3425.7,10277.1
ITEM00032,ORD00234,PROD00238,5,1643.01,8215.05
ITEM00033,ORD02052,PROD00009,1,801.96,801.96
ITEM00034,ORD03462,PROD00008,4,779.21,3116.84
ITEM00035,ORD00870,PROD00164,4,2256.08,9024.32
ITEM00036,ORD02433,PROD00157,1,3757.12,3757.12
ITEM00037,ORD01288,PROD00055,5,2439.81,12199.05
ITEM00038,ORD04608,PROD00126,4,4800,19200
ITEM00039,ORD03713,PROD00357,3,3338.42,10015.26
ITEM00040,ORD00447,PROD00090,5,2322.7,11613.5
ITEM00041,ORD03579,PROD00291,5,1481.18,7405.9
ITEM00042,ORD01384,PROD00177,3,4142.76,12428.28
ITEM00043,ORD01292,PROD00118,2,3366.81,6733.62
ITEM00044,ORD01690,PROD00233,3,2585.51,7756.53
ITEM00045,ORD01318,PROD00192,4,3865.21,15460.84
ITEM00046,ORD02167,PROD00272,5,985.61,4928.05
ITEM00047,ORD00694,PROD00303,5,3052.67,15263.35
ITEM00048,ORD02459,PROD00426,5,4773.21,23866.05
ITEM00049,ORD00677,PROD00197,5,1855.36,9276.8
ITEM00050,ORD00551,PROD00384,3,3162.21,9486.63
ITEM00051,ORD03225,PROD00337,5,1453.86,7269.3
ITEM00052,ORD03544,PROD00129,3,4992.34,14977.02
ITEM00053,ORD04786,PROD00004,3,807.46,2422.38
ITEM00054,ORD03035,PROD00087,1,1363.35,1363.35
ITEM00055,ORD04312,PROD00193,3,4377.81,13133.43
ITEM00056,ORD02706,PROD00131,4,2737.89,10951.56
ITEM00057,ORD00567,PROD00258,4,4463.84,17855.36
ITEM00058,ORD03999,PROD00307,5,2402.64,12013.2
ITEM00059,ORD01024,PROD00458,3,3846.04,11538.12
ITEM00060,ORD00357,PROD00384,3,1941.18,5823.54
ITEM00061,ORD01872,PROD00217,5,3427.44,17137.2
ITEM00062,ORD02816,PROD00463,4,801.94,3207.76
ITEM00063,ORD04125,PROD00358,1,3740.23,3740.23
ITEM00064,ORD02537,PROD00342,1,380.75,380.75
ITEM00065,ORD00266,PROD00425,1,2360.99,2360.99
ITEM00066,ORD03469,PROD00022,4,1282.44,5129.76
ITEM00067,ORD00801,PROD00114,2,618.64,1237.28
ITEM00068,ORD03993,PROD00301,3,161.63,484.89
ITEM00069,ORD00720,PROD00198,5,724.76,3623.8
ITEM00070,ORD02652,PROD00432,3,1815.25,5445.75
ITEM00071,ORD02365,PROD00332,2,2490.2,4980.4
ITEM00072,ORD01649,PROD00446,2,3616.03,7232.06
ITEM00073,ORD03274,PROD00251,2,3825.38,7650.76
ITEM00074,ORD00740,PROD00492,5,1758.41,8792.05
ITEM00075,ORD03465,PROD00465,3,3432.27,10296.81
ITEM00076,ORD04163,PROD00036,4,2653.24,10612.96
ITEM00077,ORD03835,PROD00057,3,1857.01,5571.03
ITEM00078,ORD03407,PROD00347,3,1887.55,5662.65
ITEM00079,ORD03452,PROD00213,4,496.66,1986.64
ITEM00080,ORD02471,PROD00023,5,4930.24,24651.2
ITEM00081,ORD01958,PROD00199,5,1273.62,6368.1
ITEM00082,ORD00116,PROD00175,3,2095.93,6287.79
ITEM00083,ORD02569,PROD00062,5,4424.78,22123.9
ITEM00084,ORD00588,PROD00113,4,671.18,2684.72
ITEM00085,ORD03403,PROD00097,2,2976.36,5952.72
ITEM00086,ORD03043,PROD00477,2,745.32,1490.64
ITEM00087,ORD03058,PROD00203,1,2602.72,2602.72
ITEM00088,ORD04862,PROD00066,5,2080.05,10400.25
ITEM00089,ORD03520,PROD00463,1,4749.1,4749.1
ITEM00090,ORD02556,PROD00286,5,2310.14,11550.7
ITEM00091,ORD04534,PROD00156,4,2940.7,11762.8
ITEM00092,ORD04158,PROD00322,5,2460.5,12302.5
ITEM00093,ORD01624,PROD00044,5,4952.97,24764.85
ITEM00094,ORD01839,PROD00030,5,2181.8,10909
ITEM00095,ORD00418,PROD00134,3,893.98,2681.94
ITEM00096,ORD01501,PROD00093,2,2004.54,4009.08
ITEM00097,ORD00644,PROD00217,3,4087.15,12261.45
ITEM00098,ORD00036,PROD00482,3,752.42,2257.26
ITEM00099,ORD02307,PROD00208,1,757.3,757.3
ITEM00100,ORD00082,PROD00057,5,4591.9,22959.5
ITEM00101,ORD00885,PROD00386,4,2013.22,8052.88
ITEM00102,ORD04116,PROD00442,5,543.34,2716.7
ITEM00103,ORD00140,PROD00429,4,1294.21,5176.84
ITEM00104,ORD02834,PROD00116,5,1877.82,9389.1
ITEM00105,ORD01229,PROD00089,4,121.71,486.84
ITEM00106,ORD01545,PROD00179,2,159.15,318.3
ITEM00107,ORD02891,PROD00252,4,2405.2,9620.8
ITEM00108,ORD02371,PROD00086,4,1931.2,7724.8
ITEM00109,ORD00532,PROD00001,5,2652.1,13260.5
ITEM00110,ORD00290,PROD00112,3,4411.38,13234.14
ITEM00111,ORD00152,PROD00112,2,2396.99,4793.98
ITEM00112,ORD04291,PROD00090,2,1611.84,3223.68
ITEM00113,ORD03121,PROD00106,4,1592.57,6370.28
ITEM00114,ORD01879,PROD00403,3,723.89,2171.67
ITEM00115,ORD00663,PROD00060,3,4211.36,12634.08
ITEM00116,ORD01240,PROD00007,5,2622.77,13113.85
ITEM00117,ORD04425,PROD00002,2,4190.54,8381.08
ITEM00118,ORD04774,PROD00169,4,4299.04,17196.16
ITEM00119,ORD03384,PROD00495,5,3364.36,16821.8
ITEM00120,ORD04606,PROD00172,2,3340.45,6680.9
ITEM00121,ORD00525,PROD00364,2,4600.54,9201.08
ITEM00122,ORD01341,PROD00258,1,560.05,560.05
ITEM00123,ORD04939,PROD00016,1,2386.5,2386.5
ITEM00124,ORD03473,PROD00198,2,3223.98,6447.96
ITEM00125,ORD02489,PROD00246,4,1219.82,4879.28
ITEM00126,ORD02018,PROD00082,2,2584.88,5169.76
ITEM00127,ORD02674,PROD00298,4,4763.12,19052.48
ITEM00128,ORD00084,PROD00099,5,1471.42,7357.1
ITEM00129,ORD04026,PROD00313,2,4888.17,9776.34
ITEM00130,ORD04926,PROD00143,1,3613.91,3613.91
ITEM00131,ORD04019,PROD00185,1,4179.75,4179.75
ITEM00132,ORD01622,PROD00342,2,1790.68,3581.36
ITEM00133,ORD01273,PROD00364,1,3334.74,3334.74
ITEM00134,ORD01034,PROD00433,3,3724.23,11172.69
ITEM00135,ORD02704,PROD00213,4,4768.99,19075.96
ITEM00136,ORD04769,PROD00324,4,4169.29,16677.16
ITEM00137,ORD02045,PROD00028,3,332.44,997.32
ITEM00138,ORD03726,PROD00285,3,2073.76,6221.28
ITEM00139,ORD00550,PROD00065,1,2334.8,2334.8
ITEM00140,ORD02327,PROD00435,4,1715.84,6863.36
ITEM00141,ORD04439,PROD00310,5,1531.34,7656.7
ITEM00142,ORD01311,PROD00410,1,2552.44,2552.44
ITEM00143,ORD01950,PROD00260,5,4785.38,23926.9
ITEM00144,ORD00033,PROD00465,5,4507.36,22536.8
ITEM00145,ORD02266,PROD00301,1,1707.23,1707.23
ITEM00146,ORD03389,PROD00138,4,2264.41,9057.64
ITEM00147,ORD03277,PROD00372,5,537.34,2686.7
ITEM00148,ORD02884,PROD00226,1,2100.23,2100.23
ITEM00149,ORD01128,PROD00261,4,4211.81,16847.24
ITEM00150,ORD03169,PROD00056,2,4798.15,9596.3
ITEM00151,ORD02203,PROD00363,5,3312.01,16560.05
ITEM00152,ORD00195,PROD00456,5,3365.41,16827.05
ITEM00153,ORD04604,PROD00439,2,2857.34,5714.68
ITEM00154,ORD02429,PROD00098,3,2943.97,8831.91
ITEM00155,ORD02621,PROD00235,3,3727.73,11183.19
ITEM00156,ORD03353,PROD00443,4,4184.91,16739.64
ITEM00157,ORD01948,PROD00471,4,476.44,1905.76
ITEM00158,ORD03580,PROD00176,5,2726.67,13633.35
ITEM00159,ORD00279,PROD00363,3,180.63,541.89
ITEM00160,ORD03011,PROD00305,5,4268.99,21344.95
ITEM00161,ORD03634,PROD00264,3,3629.29,10887.87
ITEM00162,ORD01707,PROD00289,2,794.07,1588.14
ITEM00163,ORD04843,PROD00388,3,4800.44,14401.32
ITEM00164,ORD00126,PROD00473,2,1979.75,3959.5
ITEM00165,ORD02333,PROD00045,1,2937.95,2937.95
ITEM00166,ORD00252,PROD00213,2,3221.88,6443.76
ITEM00167,ORD02681,PROD00344,4,619.77,2479.08
ITEM00168,ORD04351,PROD00253,2,2107.84,4215.68
ITEM00169,ORD03591,PROD00070,5,303.78,1518.9
ITEM00170,ORD00239,PROD00463,1,3377.81,3377.81
ITEM00171,ORD01759,PROD00282,2,4639.44,9278.88
ITEM00172,ORD00547,PROD00081,5,590.97,2954.85
ITEM00173,ORD04734,PROD00317,1,3815.92,3815.92
ITEM00174,ORD03906,PROD00220,4,2040.49,8161.96
ITEM00175,ORD00143,PROD00103,2,2270.09,4540.18
ITEM00176,ORD02050,PROD00258,4,1195.37,4781.48
ITEM00177,ORD03075,PROD00186,2,4935.94,9871.88
ITEM00178,ORD03769,PROD00328,4,2466.76,9867.04
ITEM00179,ORD00021,PROD00178,1,2938.6,2938.6
ITEM00180,ORD02671,PROD00252,4,3330.83,13323.32
ITEM00181,ORD01588,PROD00302,3,4211.07,12633.21
ITEM00182,ORD00279,PROD00163,4,2496.68,9986.72
ITEM00183,ORD03692,PROD00104,3,2016.36,6049.08
ITEM00184,ORD03216,PROD00129,5,1295.54,6477.7
ITEM00185,ORD02800,PROD00139,5,127.62,638.1
ITEM00186,ORD04364,PROD00254,4,4481.9,17927.6
ITEM00187,ORD00411,PROD00387,2,3621.54,7243.08
ITEM00188,ORD04118,PROD00220,3,2635.67,7907.01
ITEM00189,ORD01318,PROD00170,5,710.11,3550.55
ITEM00190,ORD01120,PROD00496,2,4907,9814
ITEM00191,ORD03461,PROD00430,5,4023.94,20119.7
ITEM00192,ORD02230,PROD00254,4,726.12,2904.48
ITEM00193,ORD00268,PROD00289,5,4483.47,22417.35
ITEM00194,ORD02506,PROD00008,3,2626.83,7880.49
ITEM00195,ORD03163,PROD00063,1,3919.94,3919.94
ITEM00196,ORD03825,PROD00394,3,3081.14,9243.42
ITEM00197,ORD00577,PROD00470,1,300.34,300.34
ITEM00198,ORD00287,PROD00231,5,3390.46,16952.3
ITEM00199,ORD02624,PROD00132,2,2643.36,5286.72
ITEM00200,ORD01899,PROD00323,4,2261.04,9044.16
ITEM00201,ORD02319,PROD00125,3,3669.47,11008.41
ITEM00202,ORD01901,PROD00420,4,3790.86,15163.44
ITEM00203,ORD00266,PROD00284,5,3217.51,16087.55
ITEM00204,ORD01726,PROD00055,5,1453.84,7269.2
ITEM00205,ORD04713,PROD00194,5,2702.53,13512.65
ITEM00206,ORD01795,PROD00074,4,431.65,1726.6
ITEM00207,ORD00109,PROD00180,1,1085.53,1085.53
ITEM00208,ORD04437,PROD00327,3,716.68,2150.04
ITEM00209,ORD01435,PROD00184,3,3308.26,9924.78
ITEM00210,ORD04776,PROD00336,1,607.47,607.47
ITEM00211,ORD02895,PROD00308,1,1061.96,1061.96
ITEM00212,ORD00118,PROD00296,3,4313.11,12939.33
ITEM00213,ORD04731,PROD00145,3,913.66,2740.98
ITEM00214,ORD02569,PROD00290,1,4145.89,4145.89
ITEM00215,ORD04831,PROD00019,4,3145.09,12580.36
ITEM00216,ORD01143,PROD00127,2,3825.63,7651.26
ITEM00217,ORD03668,PROD00348,5,2756.98,13784.9
ITEM00218,ORD03189,PROD00437,4,4937.56,19750.24
ITEM00219,ORD03173,PROD00426,4,277.74,1110.96
ITEM00220,ORD04290,PROD00296,2,4223.56,8447.12
ITEM00221,ORD00582,PROD00458,3,4491.74,13475.22
ITEM00222,ORD02538,PROD00009,2,3927.39,7854.78
ITEM00223,ORD03854,PROD00282,2,2864.46,5728.92
ITEM00224,ORD02350,PROD00149,2,2715.39,5430.78
ITEM00225,ORD00819,PROD00262,2,204.6,409.2
ITEM00226,ORD01320,PROD00354,2,2096.59,4193.18
ITEM00227,ORD03668,PROD00362,5,3356.1,16780.5
ITEM00228,ORD03129,PROD00125,1,983.77,983.77
ITEM00229,ORD00037,PROD00242,5,917.54,4587.7
ITEM00230,ORD02531,PROD00287,1,1806.43,1806.43
ITEM00231,ORD00961,PROD00114,1,2799.56,2799.56
ITEM00232,ORD00864,PROD00040,2,4142.03,8284.06
ITEM00233,ORD00463,PROD00175,4,2595.84,10383.36
ITEM00234,ORD03326,PROD00432,4,4163.12,16652.48
ITEM00235,ORD04858,PROD00070,4,2517.14,10068.56
ITEM00236,ORD01105,PROD00391,5,2808.09,14040.45
ITEM00237,ORD00484,PROD00472,1,4385.4,4385.4
ITEM00238,ORD03637,PROD00164,2,2700.26,5400.52
ITEM00239,ORD02929,PROD00258,4,1422.1,5688.4
ITEM00240,ORD01522,PROD00122,5,3786.77,18933.85
ITEM00241,ORD00107,PROD00194,1,1125.15,1125.15
ITEM00242,ORD03950,PROD00057,4,2495.14,9980.56
ITEM00243,ORD01391,PROD00137,5,4372.38,21861.9
ITEM00244,ORD01434,PROD00194,5,2413.53,12067.65
ITEM00245,ORD03813,PROD00033,3,1773.86,5321.58
ITEM00246,ORD02309,PROD00296,2,4624.8,9249.6
ITEM00247,ORD02120,PROD00358,4,2435.46,9741.84
ITEM00248,ORD02533,PROD00162,3,564.25,1692.75
ITEM00249,ORD01456,PROD00182,2,2317.78,4635.56
ITEM00250,ORD02435,PROD00348,4,3623.96,14495.84
ITEM00251,ORD02648,PROD00072,5,2706.03,13530.15
ITEM00252,ORD04945,PROD00294,4,3308.01,13232.04
ITEM00253,ORD04265,PROD00188,1,3565.26,3565.26
ITEM00254,ORD00844,PROD00420,1,3833.3,3833.3
ITEM00255,ORD03546,PROD00244,1,1641.9,1641.9
ITEM00256,ORD04452,PROD00443,2,3958,7916
ITEM00257,ORD03768,PROD00220,3,465.38,1396.14
ITEM00258,ORD04051,PROD00019,3,3706.54,11119.62
ITEM00259,ORD03390,PROD00385,3,395.39,1186.17
ITEM00260,ORD04985,PROD00279,5,145.3,726.5
ITEM00261,ORD01717,PROD00035,2,2569.62,5139.24
ITEM00262,ORD03555,PROD00166,5,1194.36,5971.8
ITEM00263,ORD03973,PROD00164,1,969.64,969.64
ITEM00264,ORD00423,PROD00128,5,4770.05,23850.25
ITEM00265,ORD02819,PROD00193,3,3758.12,11274.36
ITEM00266,ORD01693,PROD00399,2,3471.94,6943.88
ITEM00267,ORD02001,PROD00154,5,2932.61,14663.05
ITEM00268,ORD02946,PROD00071,5,4860.69,24303.45
ITEM00269,ORD03704,PROD00028,3,3869.6,11608.8
ITEM00270,ORD02763,PROD00370,3,477.94,1433.82
ITEM00271,ORD01094,PROD00207,4,4280.83,17123.32
ITEM00272,ORD00062,PROD00422,2,2723.53,5447.06
ITEM00273,ORD02207,PROD00347,2,4040.08,8080.16
ITEM00274,ORD03093,PROD00057,2,2373.54,4747.08
ITEM00275,ORD03193,PROD00396,5,3762.46,18812.3
ITEM00276,ORD04189,PROD00466,2,3604.76,7209.52
ITEM00277,ORD03791,PROD00491,4,2942.03,11768.12
ITEM00278,ORD01474,PROD00488,3,2458.87,7376.61
ITEM00279,ORD00202,PROD00108,2,3199.72,6399.44
ITEM00280,ORD02287,PROD00241,5,1788.26,8941.3
ITEM00281,ORD01519,PROD00212,5,3811.38,19056.9
ITEM00282,ORD01551,PROD00471,5,570.32,2851.6
ITEM00283,ORD01270,PROD00092,1,4002.97,4002.97
ITEM00284,ORD00740,PROD00396,5,4761.97,23809.85
ITEM00285,ORD01827,PROD00072,2,4672.48,9344.96
ITEM00286,ORD00008,PROD00444,5,3792.97,18964.85
ITEM00287,ORD01972,PROD00351,4,1008.61,4034.44
ITEM00288,ORD00777,PROD00467,5,1328.46,6642.3
ITEM00289,ORD02800,PROD00189,5,1866.6,9333
ITEM00290,ORD04417,PROD00314,3,415.68,1247.04
ITEM00291,ORD04341,PROD00455,2,1659.66,3319.32
ITEM00292,ORD00030,PROD00027,2,519.14,1038.28
ITEM00293,ORD01841,PROD00015,2,1801.07,3602.14
ITEM00294,ORD01299,PROD00259,2,4532.44,9064.88
ITEM00295,ORD01563,PROD00168,2,2212.35,4424.7
ITEM00296,ORD00075,PROD00158,3,4368.28,13104.84
ITEM00297,ORD04479,PROD00488,4,2939.9,11759.6
ITEM00298,ORD00822,PROD00219,4,1865.42,7461.68
ITEM00299,ORD03578,PROD00335,5,2962.65,14813.25
ITEM00300,ORD01211,PROD00400,2,552.65,1105.3
ITEM00301,ORD03423,PROD00089,3,392.44,1177.32
ITEM00302,ORD04393,PROD00161,5,2098.14,10490.7
ITEM00303,ORD01723,PROD00153,4,1531.64,6126.56
ITEM00304,ORD04292,PROD00422,4,1994.35,7977.4
ITEM00305,ORD00167,PROD00296,5,956.71,4783.55
ITEM00306,ORD04460,PROD00225,2,4270.09,8540.18
ITEM00307,ORD02372,PROD00203,2,2651.26,5302.52
ITEM00308,ORD01749,PROD00202,4,4671.25,18685
ITEM00309,ORD01658,PROD00125,2,482.37,964.74
ITEM00310,ORD02405,PROD00199,1,4274.46,4274.46
ITEM00311,ORD01292,PROD00382,1,605.33,605.33
ITEM00312,ORD01248,PROD00264,4,4840.49,19361.96
ITEM00313,ORD01700,PROD00359,1,1254.52,1254.52
ITEM00314,ORD00403,PROD00264,4,1626.82,6507.28
ITEM00315,ORD04093,PROD00145,3,3936.16,11808.48
ITEM00316,ORD00740,PROD00222,5,495.61,2478.05
ITEM00317,ORD01824,PROD00440,2,1345.22,2690.44
ITEM00318,ORD00779,PROD00032,1,1220.82,1220.82
ITEM00319,ORD01925,PROD00394,1,2002.13,2002.13
ITEM00320,ORD01178,PROD00269,4,2214.51,8858.04
ITEM00321,ORD02607,PROD00157,3,1877.88,5633.64
ITEM00322,ORD00022,PROD00274,1,1521.51,1521.51
ITEM00323,ORD03100,PROD00078,3,2323.2,6969.6
ITEM00324,ORD02884,PROD00039,2,4485.82,8971.64
ITEM00325,ORD04190,PROD00160,1,3205.89,3205.89
ITEM00326,ORD00299,PROD00196,5,2192.25,10961.25
ITEM00327,ORD00493,PROD00094,4,3762.54,15050.16
ITEM00328,ORD02427,PROD00215,4,4465.95,17863.8
ITEM00329,ORD00852,PROD00227,5,186.18,930.9
ITEM00330,ORD02749,PROD00103,3,3101.17,9303.51
ITEM00331,ORD00868,PROD00466,5,4163.63,20818.15
ITEM00332,ORD01099,PROD00462,4,4466.92,17867.68
ITEM00333,ORD00196,PROD00214,3,1459.54,4378.62
ITEM00334,ORD04471,PROD00279,4,3169.78,12679.12
ITEM00335,ORD03856,PROD00448,3,1665.3,4995.9
ITEM00336,ORD01209,PROD00466,2,4257.01,8514.02
ITEM00337,ORD00459,PROD00448,1,2209.81,2209.81
ITEM00338,ORD02244,PROD00079,2,4564.76,9129.52
ITEM00339,ORD04688,PROD00100,2,3893.52,7787.04
ITEM00340,ORD02083,PROD00434,3,1403.78,4211.34
ITEM00341,ORD00555,PROD00329,1,2358.48,2358.48
ITEM00342,ORD01406,PROD00316,1,3466.38,3466.38
ITEM00343,ORD01384,PROD00125,5,1936.83,9684.15
ITEM00344,ORD00250,PROD00431,1,4953.3,4953.3
ITEM00345,ORD00773,PROD00130,4,2225.23,8900.92
ITEM00346,ORD01822,PROD00337,5,1765.11,8825.55
ITEM00347,ORD04093,PROD00392,2,3903.4,7806.8
ITEM00348,ORD04710,PROD00390,1,1348.15,1348.15
ITEM00349,ORD00541,PROD00088,3,1848.48,5545.44
ITEM00350,ORD04526,PROD00356,5,4603.64,23018.2
ITEM00351,ORD04744,PROD00092,2,1534.26,3068.52
ITEM00352,ORD01474,PROD00260,2,128.35,256.7
ITEM00353,ORD01483,PROD00025,5,453.9,2269.5
ITEM00354,ORD02902,PROD00072,5,2973.9,14869.5
ITEM00355,ORD03216,PROD00281,1,4239.24,4239.24
ITEM00356,ORD01294,PROD00214,1,688.97,688.97
ITEM00357,ORD02738,PROD00495,5,2207.55,11037.75
ITEM00358,ORD00468,PROD00245,1,4270.08,4270.08
ITEM00359,ORD01114,PROD00143,2,4935.57,9871.14
ITEM00360,ORD04922,PROD00152,5,410.44,2052.2
ITEM00361,ORD01383,PROD00188,2,365.47,730.94
ITEM00362,ORD01380,PROD00250,1,3735.16,3735.16
ITEM00363,ORD01245,PROD00404,3,3041.74,9125.22
ITEM00364,ORD04144,PROD00492,2,2849.65,5699.3
ITEM00365,ORD01901,PROD00247,3,1548.87,4646.61
ITEM00366,ORD01725,PROD00306,4,1838.42,7353.68
ITEM00367,ORD01265,PROD00432,5,3000.17,15000.85
ITEM00368,ORD04298,PROD00010,5,3811.82,19059.1
ITEM00369,ORD00216,PROD00268,2,1201.35,2402.7
ITEM00370,ORD00787,PROD00148,4,3238.77,12955.08
ITEM00371,ORD02014,PROD00425,5,2116.18,10580.9
ITEM00372,ORD00384,PROD00264,2,2994.84,5989.68
ITEM00373,ORD02726,PROD00499,3,4079.48,12238.44
ITEM00374,ORD02232,PROD00480,1,3794.35,3794.35
ITEM00375,ORD00867,PROD00172,5,4289.21,21446.05
ITEM00376,ORD02581,PROD00061,5,235.89,1179.45
ITEM00377,ORD01732,PROD00239,5,713.76,3568.8
ITEM00378,ORD00487,PROD00315,4,934.94,3739.76
ITEM00379,ORD02367,PROD00132,1,2468.18,2468.18
ITEM00380,ORD01897,PROD00291,4,2904.7,11618.8
ITEM00381,ORD03864,PROD00064,1,3489.89,3489.89
ITEM00382,ORD00081,PROD00016,4,4704.31,18817.24
ITEM00383,ORD02921,PROD00202,2,3579.12,7158.24
ITEM00384,ORD04130,PROD00353,5,3430.05,17150.25
ITEM00385,ORD04342,PROD00203,3,4585.25,13755.75
ITEM00386,ORD03988,PROD00387,3,3403.62,10210.86
ITEM00387,ORD02279,PROD00307,2,2446.43,4892.86
ITEM00388,ORD00041,PROD00227,4,2083.82,8335.28
ITEM00389,ORD03101,PROD00374,2,1173.7,2347.4
ITEM00390,ORD03850,PROD00135,1,3860.69,3860.69
ITEM00391,ORD04574,PROD00055,1,825.1,825.1
ITEM00392,ORD03575,PROD00265,5,107.7,538.5
ITEM00393,ORD01261,PROD00183,5,1132.46,5662.3
ITEM00394,ORD04798,PROD00321,2,3973.53,7947.06
ITEM00395,ORD01770,PROD00298,3,123.26,369.78
ITEM00396,ORD00959,PROD00206,2,3891.2,7782.4
ITEM00397,ORD04979,PROD00397,1,769.99,769.99
ITEM00398,ORD03614,PROD00192,3,2467.44,7402.32
ITEM00399,ORD03528,PROD00215,2,3480.71,6961.42
ITEM00400,ORD04579,PROD00479,5,1519.38,7596.9
ITEM00401,ORD00809,PROD00219,1,1163.44,1163.44
ITEM00402,ORD04287,PROD00036,2,2061.88,4123.76
ITEM00403,ORD02144,PROD00428,4,1643.98,6575.92
ITEM00404,ORD02772,PROD00125,5,428.57,2142.85
ITEM00405,ORD02193,PROD00081,4,1988.82,7955.28
ITEM00406,ORD04221,PROD00118,5,4166.82,20834.1
ITEM00407,ORD01714,PROD00490,5,1179.05,5895.25
ITEM00408,ORD02932,PROD00124,5,3838.08,19190.4
ITEM00409,ORD03254,PROD00022,5,1896.81,9484.05
ITEM00410,ORD02833,PROD00097,5,3301.97,16509.85
ITEM00411,ORD04579,PROD00429,2,3040.43,6080.86
ITEM00412,ORD02378,PROD00361,4,4410.35,17641.4
ITEM00413,ORD02081,PROD00318,1,555.66,555.66
ITEM00414,ORD02496,PROD00234,5,2495.29,12476.45
ITEM00415,ORD04010,PROD00104,3,1434.44,4303.32
ITEM00416,ORD00303,PROD00142,4,4295.45,17181.8
ITEM00417,ORD00327,PROD00295,5,4768.55,23842.75
ITEM00418,ORD00556,PROD00309,4,2348.22,9392.88
ITEM00419,ORD03190,PROD00441,3,1886.51,5659.53
ITEM00420,ORD03693,PROD00120,3,2917.32,8751.96
ITEM00421,ORD00257,PROD00340,5,1986.24,9931.2
ITEM00422,ORD02055,PROD00011,2,3889.24,7778.48
ITEM00423,ORD03289,PROD00278,3,2403.7,7211.1
ITEM00424,ORD00420,PROD00266,5,573.2,2866
ITEM00425,ORD00898,PROD00362,1,1537.36,1537.36
ITEM00426,ORD02571,PROD00220,4,4835.24,19340.96
ITEM00427,ORD01758,PROD00017,5,3231.72,16158.6
ITEM00428,ORD01324,PROD00413,4,4291.89,17167.56
ITEM00429,ORD04120,PROD00339,1,4499.43,4499.43
ITEM00430,ORD03719,PROD00411,5,2335.95,11679.75
ITEM00431,ORD03477,PROD00488,1,3419.41,3419.41
ITEM00432,ORD03172,PROD00164,5,2982.15,14910.75
ITEM00433,ORD01898,PROD00211,5,2366.71,11833.55
ITEM00434,ORD00575,PROD00061,2,1610.19,3220.38
ITEM00435,ORD02719,PROD00226,1,1392.08,1392.08
ITEM00436,ORD03438,PROD00231,5,4594.27,22971.35
ITEM00437,ORD03155,PROD00168,1,4710.36,4710.36
ITEM00438,ORD04500,PROD00426,4,3501.77,14007.08
ITEM00439,ORD01177,PROD00431,1,2810.81,2810.81
ITEM00440,ORD01362,PROD00435,5,4216.32,21081.6
ITEM00441,ORD04375,PROD00261,4,3814.89,15259.56
ITEM00442,ORD01349,PROD00133,3,4567.8,13703.4
ITEM00443,ORD04772,PROD00033,5,4780.89,23904.45
ITEM00444,ORD00212,PROD00327,5,4408.01,22040.05
ITEM00445,ORD02849,PROD00347,5,1531.8,7659
ITEM00446,ORD03014,PROD00099,5,3914.1,19570.5
ITEM00447,ORD00506,PROD00362,4,3594.98,14379.92
ITEM00448,ORD03411,PROD00105,3,1151.07,3453.21
ITEM00449,ORD03019,PROD00290,1,2695.1,2695.1
ITEM00450,ORD00179,PROD00253,4,4857.62,19430.48
ITEM00451,ORD02093,PROD00131,1,2232.52,2232.52
ITEM00452,ORD00783,PROD00139,5,3578.93,17894.65
ITEM00453,ORD00485,PROD00383,3,111.11,333.33
ITEM00454,ORD03642,PROD00190,3,277.43,832.29
ITEM00455,ORD01954,PROD00397,4,321.17,1284.68
ITEM00456,ORD03464,PROD00160,1,349.49,349.49
ITEM00457,ORD04975,PROD00249,1,2278.21,2278.21
ITEM00458,ORD04294,PROD00380,2,2963.13,5926.26
ITEM00459,ORD04603,PROD00258,2,964.68,1929.36
ITEM00460,ORD02503,PROD00079,3,3770.87,11312.61
ITEM00461,ORD02191,PROD00133,4,4627.26,18509.04
ITEM00462,ORD04717,PROD00422,5,3584.79,17923.95
ITEM00463,ORD03071,PROD00059,5,831.09,4155.45
ITEM00464,ORD01597,PROD00416,5,2454.16,12270.8
ITEM00465,ORD02636,PROD00142,4,2098.54,8394.16
ITEM00466,ORD03001,PROD00261,4,3690.54,14762.16
ITEM00467,ORD01994,PROD00489,4,4197.94,16791.76
ITEM00468,ORD00491,PROD00430,4,4557.95,18231.8
ITEM00469,ORD04809,PROD00382,3,1018.82,3056.46
ITEM00470,ORD04835,PROD00029,2,1837.57,3675.14
ITEM00471,ORD04060,PROD00236,4,3496.69,13986.76
ITEM00472,ORD01598,PROD00366,1,2835.4,2835.4
ITEM00473,ORD00876,PROD00244,4,109.91,439.64
ITEM00474,ORD00165,PROD00132,3,4649.09,13947.27
ITEM00475,ORD01293,PROD00180,1,4818.76,4818.76
ITEM00476,ORD00483,PROD00024,4,4775.05,19100.2
ITEM00477,ORD00816,PROD00210,3,692.5,2077.5
ITEM00478,ORD03809,PROD00181,4,4248.94,16995.76
ITEM00479,ORD00005,PROD00225,2,2453.45,4906.9
ITEM00480,ORD03670,PROD00295,1,4954,4954
ITEM00481,ORD03523,PROD00110,4,602.67,2410.68
ITEM00482,ORD02422,PROD00092,3,145.43,436.29
ITEM00483,ORD04977,PROD00470,4,870.69,3482.76
ITEM00484,ORD01726,PROD00263,1,3469.02,3469.02
ITEM00485,ORD03991,PROD00466,5,3182.47,15912.35
ITEM00486,ORD01110,PROD00478,4,2363.09,9452.36
ITEM00487,ORD03592,PROD00018,2,4256.11,8512.22
ITEM00488,ORD02556,PROD00127,2,3717.39,7434.78
ITEM00489,ORD01902,PROD00295,1,2041.71,2041.71
ITEM00490,ORD02532,PROD00216,1,1660.98,1660.98
ITEM00491,ORD01034,PROD00172,3,4440.37,13321.11
ITEM00492,ORD02317,PROD00197,4,365.48,1461.92
ITEM00493,ORD04198,PROD00081,4,4945.26,19781.04
ITEM00494,ORD03571,PROD00318,1,3442.06,3442.06
ITEM00495,ORD00881,PROD00164,1,2014.83,2014.83
ITEM00496,ORD01514,PROD00202,3,260.79,782.37
ITEM00497,ORD00242,PROD00360,1,1264.03,1264.03
ITEM00498,ORD03861,PROD00116,5,4367.15,21835.75
ITEM00499,ORD01268,PROD00406,1,4339.17,4339.17
ITEM00500,ORD03539,PROD00197,1,4096.13,4096.13
ITEM00501,ORD02646,PROD00147,4,2233.59,8934.36
ITEM00502,ORD01465,PROD00143,1,1689.18,1689.18
ITEM00503,ORD00934,PROD00355,2,3173.33,6346.66
ITEM00504,ORD02274,PROD00114,4,4891.4,19565.6
ITEM00505,ORD01366,PROD00484,3,1195.95,3587.85
ITEM00506,ORD00601,PROD00239,5,3752.53,18762.65
ITEM00507,ORD02996,PROD00284,5,3361.09,16805.45
ITEM00508,ORD04255,PROD00017,1,1274.83,1274.83
ITEM00509,ORD01531,PROD00060,3,2320.11,6960.33
ITEM00510,ORD03634,PROD00439,2,1953,3906
ITEM00511,ORD04589,PROD00198,5,3810.32,19051.6
ITEM00512,ORD03050,PROD00069,3,1848.8,5546.4
ITEM00513,ORD00977,PROD00016,4,640.05,2560.2
ITEM00514,ORD02850,PROD00341,4,154.56,618.24
ITEM00515,ORD00069,PROD00187,3,4910.71,14732.13
ITEM00516,ORD03060,PROD00019,2,3152.18,6304.36
ITEM00517,ORD04037,PROD00456,5,2052.54,10262.7
ITEM00518,ORD01038,PROD00396,3,1517.54,4552.62
ITEM00519,ORD04807,PROD00299,2,1784,3568
ITEM00520,ORD01420,PROD00478,5,2987.7,14938.5
ITEM00521,ORD04889,PROD00078,3,2850.45,8551.35
ITEM00522,ORD03530,PROD00013,4,1307.89,5231.56
ITEM00523,ORD01533,PROD00172,1,1976.09,1976.09
ITEM00524,ORD00716,PROD00248,3,408.25,1224.75
ITEM00525,ORD03660,PROD00356,5,4375.52,21877.6
ITEM00526,ORD04793,PROD00103,3,470.23,1410.69
ITEM00527,ORD02052,PROD00302,4,4399.72,17598.88
ITEM00528,ORD01415,PROD00233,3,1167.61,3502.83
ITEM00529,ORD02058,PROD00414,2,1408.88,2817.76
ITEM00530,ORD00163,PROD00343,3,2696.81,8090.43
ITEM00531,ORD04035,PROD00217,1,3159.62,3159.62
ITEM00532,ORD02203,PROD00214,2,648.79,1297.58
ITEM00533,ORD03086,PROD00040,1,2043.88,2043.88
ITEM00534,ORD03536,PROD00395,3,828.62,2485.86
ITEM00535,ORD01157,PROD00066,3,1316.48,3949.44
ITEM00536,ORD03684,PROD00021,3,4524.44,13573.32
ITEM00537,ORD00020,PROD00055,5,564.42,2822.1
ITEM00538,ORD00886,PROD00086,3,2687.32,8061.96
ITEM00539,ORD00593,PROD00316,5,3630.65,18153.25
ITEM00540,ORD00357,PROD00397,5,2722.7,13613.5
ITEM00541,ORD02057,PROD00127,5,3045.34,15226.7
ITEM00542,ORD02475,PROD00284,4,3863.47,15453.88
ITEM00543,ORD03292,PROD00264,1,4066.54,4066.54
ITEM00544,ORD04928,PROD00128,1,2488.91,2488.91
ITEM00545,ORD04270,PROD00437,1,3666.36,3666.36
ITEM00546,ORD04439,PROD00413,1,1685.79,1685.79
ITEM00547,ORD00098,PROD00169,5,3079.32,15396.6
ITEM00548,ORD00990,PROD00138,5,304.82,1524.1
ITEM00549,ORD02316,PROD00365,1,1043.69,1043.69
ITEM00550,ORD00274,PROD00284,1,1765.59,1765.59
ITEM00551,ORD00396,PROD00174,1,3504.9,3504.9
ITEM00552,ORD01814,PROD00175,4,4906.55,19626.2
ITEM00553,ORD03540,PROD00415,5,3631.23,18156.15
ITEM00554,ORD01511,PROD00493,5,2992.46,14962.3
ITEM00555,ORD00562,PROD00050,1,3911.68,3911.68
ITEM00556,ORD04657,PROD00156,4,3538.11,14152.44
ITEM00557,ORD01124,PROD00492,4,208,832
ITEM00558,ORD02381,PROD00464,1,887.74,887.74
ITEM00559,ORD03458,PROD00398,4,4817.68,19270.72
ITEM00560,ORD00941,PROD00077,3,806.51,2419.53
ITEM00561,ORD01558,PROD00204,3,2873.31,8619.93
ITEM00562,ORD02192,PROD00319,2,352.72,705.44
ITEM00563,ORD02159,PROD00300,5,4135.56,20677.8
ITEM00564,ORD01411,PROD00200,3,3034.21,9102.63
ITEM00565,ORD01218,PROD00001,1,4323.7,4323.7
ITEM00566,ORD02128,PROD00382,2,1198.05,2396.1
ITEM00567,ORD02900,PROD00254,4,1910.28,7641.12
ITEM00568,ORD03201,PROD00182,1,3819.16,3819.16
ITEM00569,ORD04197,PROD00324,4,4268.04,17072.16
ITEM00570,ORD02339,PROD00295,1,1134.3,1134.3
ITEM00571,ORD00470,PROD00156,5,1792.28,8961.4
ITEM00572,ORD04668,PROD00346,2,4642.88,9285.76
ITEM00573,ORD00823,PROD00204,4,1524.44,6097.76
ITEM00574,ORD04329,PROD00198,3,1823.38,5470.14
ITEM00575,ORD04617,PROD00450,2,4390.63,8781.26
ITEM00576,ORD01067,PROD00394,3,1031.15,3093.45
ITEM00577,ORD00189,PROD00242,2,4250.4,8500.8
ITEM00578,ORD04527,PROD00470,2,4966.77,9933.54
ITEM00579,ORD00771,PROD00470,4,1989.19,7956.76
ITEM00580,ORD01783,PROD00343,2,2124.78,4249.56
ITEM00581,ORD02975,PROD00251,5,1883.97,9419.85
ITEM00582,ORD03252,PROD00061,3,1670.91,5012.73
ITEM00583,ORD02646,PROD00438,5,3754.77,18773.85
ITEM00584,ORD02011,PROD00160,5,1080.38,5401.9
ITEM00585,ORD03023,PROD00139,1,2638.58,2638.58
ITEM00586,ORD03882,PROD00264,3,4217.96,12653.88
ITEM00587,ORD04471,PROD00476,5,1829.06,9145.3
ITEM00588,ORD01409,PROD00008,5,712.42,3562.1
ITEM00589,ORD03055,PROD00196,4,3098.37,12393.48
ITEM00590,ORD03035,PROD00341,5,1061.11,5305.55
ITEM00591,ORD01164,PROD00488,5,2132.46,10662.3
ITEM00592,ORD01338,PROD00072,4,2234.4,8937.6
ITEM00593,ORD01933,PROD00043,2,2130.16,4260.32
ITEM00594,ORD01890,PROD00464,2,2403.05,4806.1
ITEM00595,ORD01687,PROD00314,3,701.55,2104.65
ITEM00596,ORD02822,PROD00495,5,3548.22,17741.1
ITEM00597,ORD03853,PROD00428,3,3210.43,9631.29
ITEM00598,ORD00269,PROD00083,5,4123.84,20619.2
ITEM00599,ORD00146,PROD00046,2,4480.68,8961.36
ITEM00600,ORD00220,PROD00216,4,2535.95,10143.8
ITEM00601,ORD02973,PROD00445,2,2863.74,5727.48
ITEM00602,ORD03167,PROD00339,1,754.25,754.25
ITEM00603,ORD03726,PROD00115,5,1502.69,7513.45
ITEM00604,ORD02274,PROD00049,3,3368.04,10104.12
ITEM00605,ORD00600,PROD00016,3,3512.93,10538.79
ITEM00606,ORD01953,PROD00377,2,1012.77,2025.54
ITEM00607,ORD03533,PROD00430,1,4152.22,4152.22
ITEM00608,ORD04695,PROD00327,4,4835.03,19340.12
ITEM00609,ORD03458,PROD00328,1,4453.33,4453.33
ITEM00610,ORD02106,PROD00241,4,4802.54,19210.16
ITEM00611,ORD01113,PROD00385,4,3264.91,13059.64
ITEM00612,ORD00800,PROD00041,1,3590.91,3590.91
ITEM00613,ORD04517,PROD00118,1,1546.85,1546.85
ITEM00614,ORD03837,PROD00434,5,1326.58,6632.9
ITEM00615,ORD00147,PROD00406,5,949.74,4748.7
ITEM00616,ORD03662,PROD00241,1,3247.81,3247.81
ITEM00617,ORD02833,PROD00330,4,3950.66,15802.64
ITEM00618,ORD02315,PROD00073,2,1023.11,2046.22
ITEM00619,ORD04846,PROD00116,2,1690.06,3380.12
ITEM00620,ORD02161,PROD00066,5,735.39,3676.95
ITEM00621,ORD04035,PROD00245,3,4436.86,13310.58
ITEM00622,ORD03736,PROD00234,4,3872.82,15491.28
ITEM00623,ORD02778,PROD00025,3,1874.35,5623.05
ITEM00624,ORD04270,PROD00270,2,4976.11,9952.22
ITEM00625,ORD00818,PROD00480,3,1014.84,3044.52
ITEM00626,ORD03539,PROD00018,3,2679.02,8037.06
ITEM00627,ORD01554,PROD00272,2,3583.78,7167.56
ITEM00628,ORD03246,PROD00365,2,2953.94,5907.88
ITEM00629,ORD04142,PROD00448,5,2497.01,12485.05
ITEM00630,ORD00130,PROD00389,3,964.1,2892.3
ITEM00631,ORD04816,PROD00396,3,2364.39,7093.17
ITEM00632,ORD04121,PROD00406,5,1308.26,6541.3
ITEM00633,ORD03890,PROD00029,5,1624.26,8121.3
ITEM00634,ORD02003,PROD00350,4,2923.52,11694.08
ITEM00635,ORD02789,PROD00124,5,970.53,4852.65
ITEM00636,ORD00448,PROD00077,2,3261.55,6523.1
ITEM00637,ORD00666,PROD00437,3,1621.38,4864.14
ITEM00638,ORD03885,PROD00304,4,3592.17,14368.68
ITEM00639,ORD03647,PROD00331,3,2116.4,6349.2
ITEM00640,ORD00560,PROD00267,4,2674.16,10696.64
ITEM00641,ORD03560,PROD00111,5,2632.23,13161.15
ITEM00642,ORD00643,PROD00448,4,3756.83,15027.32
ITEM00643,ORD02668,PROD00317,2,4361.67,8723.34
ITEM00644,ORD02688,PROD00403,3,3923.31,11769.93
ITEM00645,ORD00530,PROD00059,5,761.83,3809.15
ITEM00646,ORD03590,PROD00089,5,1743.05,8715.25
ITEM00647,ORD02722,PROD00493,2,4768.99,9537.98
ITEM00648,ORD02301,PROD00236,1,528.18,528.18
ITEM00649,ORD04678,PROD00217,2,2522.21,5044.42
ITEM00650,ORD01612,PROD00259,2,2065.04,4130.08
ITEM00651,ORD02893,PROD00150,5,1957.46,9787.3
ITEM00652,ORD04043,PROD00348,5,4723.91,23619.55
ITEM00653,ORD03922,PROD00284,4,2893.94,11575.76
ITEM00654,ORD01108,PROD00011,2,4069.44,8138.88
ITEM00655,ORD01011,PROD00012,1,2795.69,2795.69
ITEM00656,ORD02094,PROD00092,1,577.34,577.34
ITEM00657,ORD03410,PROD00306,5,4103.29,20516.45
ITEM00658,ORD02620,PROD00044,1,2036.05,2036.05
ITEM00659,ORD04802,PROD00175,3,2493.37,7480.11
ITEM00660,ORD04774,PROD00393,1,1341.45,1341.45
ITEM00661,ORD03257,PROD00228,1,2868.81,2868.81
ITEM00662,ORD00115,PROD00340,1,3199.09,3199.09
ITEM00663,ORD02173,PROD00324,5,138.82,694.1
ITEM00664,ORD03963,PROD00461,3,2622.74,7868.22
ITEM00665,ORD01430,PROD00248,2,1437.2,2874.4
ITEM00666,ORD04827,PROD00491,3,4395.19,13185.57
ITEM00667,ORD01053,PROD00318,4,2175.34,8701.36
ITEM00668,ORD01626,PROD00437,3,4098.95,12296.85
ITEM00669,ORD02829,PROD00059,1,4754.27,4754.27
ITEM00670,ORD03808,PROD00080,4,709.06,2836.24
ITEM00671,ORD01779,PROD00443,3,413.34,1240.02
ITEM00672,ORD01926,PROD00168,3,1107.79,3323.37
ITEM00673,ORD03796,PROD00192,2,4728.28,9456.56
ITEM00674,ORD04078,PROD00228,4,3431.24,13724.96
ITEM00675,ORD01066,PROD00199,2,1328.38,2656.76
ITEM00676,ORD03950,PROD00166,3,2706.96,8120.88
ITEM00677,ORD00571,PROD00005,1,1113.4,1113.4
ITEM00678,ORD04836,PROD00225,3,3573.41,10720.23
ITEM00679,ORD00009,PROD00241,5,551.54,2757.7
ITEM00680,ORD01494,PROD00445,4,467.56,1870.24
ITEM00681,ORD03383,PROD00044,5,246.25,1231.25
ITEM00682,ORD03944,PROD00432,5,3022.02,15110.1
ITEM00683,ORD03220,PROD00455,3,4982.6,14947.8
ITEM00684,ORD04076,PROD00427,4,3060.81,12243.24
ITEM00685,ORD00739,PROD00236,3,2425.38,7276.14
ITEM00686,ORD01395,PROD00149,1,3778.42,3778.42
ITEM00687,ORD03467,PROD00257,2,1904.44,3808.88
ITEM00688,ORD00414,PROD00112,2,3934.91,7869.82
ITEM00689,ORD01616,PROD00199,2,1806.5,3613
ITEM00690,ORD01183,PROD00453,5,1921.4,9607
ITEM00691,ORD03650,PROD00373,3,1697.03,5091.09
ITEM00692,ORD02623,PROD00374,4,2499.14,9996.56
ITEM00693,ORD04590,PROD00389,1,2425.29,2425.29
ITEM00694,ORD04090,PROD00091,1,3755.98,3755.98
ITEM00695,ORD04878,PROD00153,5,3474.01,17370.05
ITEM00696,ORD02196,PROD00486,4,4221.57,16886.28
ITEM00697,ORD00590,PROD00094,4,3770.91,15083.64
ITEM00698,ORD04993,PROD00358,4,532.02,2128.08
ITEM00699,ORD03317,PROD00344,5,1102.59,5512.95
ITEM00700,ORD04695,PROD00203,2,625.85,1251.7
ITEM00701,ORD03616,PROD00171,2,4317.1,8634.2
ITEM00702,ORD02095,PROD00115,4,3520.38,14081.52
ITEM00703,ORD00314,PROD00299,5,4350.69,21753.45
ITEM00704,ORD04958,PROD00429,3,411.8,1235.4
ITEM00705,ORD03285,PROD00112,3,2026.92,6080.76
ITEM00706,ORD03227,PROD00103,1,402.16,402.16
ITEM00707,ORD00968,PROD00406,4,810.96,3243.84
ITEM00708,ORD00633,PROD00200,1,1857.64,1857.64
ITEM00709,ORD04182,PROD00237,3,376.78,1130.34
ITEM00710,ORD04108,PROD00056,1,4368.37,4368.37
ITEM00711,ORD02982,PROD00392,1,1101.96,1101.96
ITEM00712,ORD03903,PROD00384,2,4380.86,8761.72
ITEM00713,ORD02990,PROD00477,2,3061.32,6122.64
ITEM00714,ORD01337,PROD00392,2,2465.38,4930.76
ITEM00715,ORD04458,PROD00201,5,1652.82,8264.1
ITEM00716,ORD00502,PROD00172,4,2357.97,9431.88
ITEM00717,ORD04856,PROD00300,3,1561.18,4683.54
ITEM00718,ORD01493,PROD00356,1,2423.6,2423.6
ITEM00719,ORD03148,PROD00312,5,4607.67,23038.35
ITEM00720,ORD02668,PROD00150,5,4659.2,23296
ITEM00721,ORD03918,PROD00005,5,997.1,4985.5
ITEM00722,ORD04702,PROD00127,1,3318.6,3318.6
ITEM00723,ORD00860,PROD00109,2,3902.06,7804.12
ITEM00724,ORD04686,PROD00100,2,2016.36,4032.72
ITEM00725,ORD03447,PROD00011,4,4095.32,16381.28
ITEM00726,ORD03560,PROD00389,2,415.26,830.52
ITEM00727,ORD02353,PROD00039,5,4237.1,21185.5
ITEM00728,ORD00685,PROD00355,3,2548.64,7645.92
ITEM00729,ORD00553,PROD00270,2,3735.06,7470.12
ITEM00730,ORD03068,PROD00033,3,946.63,2839.89
ITEM00731,ORD03389,PROD00386,5,1830.65,9153.25
ITEM00732,ORD02987,PROD00173,1,2417.31,2417.31
ITEM00733,ORD01271,PROD00113,5,3040.17,15200.85
ITEM00734,ORD01063,PROD00354,3,1871.5,5614.5
ITEM00735,ORD04017,PROD00343,5,1683.5,8417.5
ITEM00736,ORD03582,PROD00100,1,4361.17,4361.17
ITEM00737,ORD01240,PROD00394,1,3940.79,3940.79
ITEM00738,ORD01453,PROD00312,2,2780,5560
ITEM00739,ORD02924,PROD00487,2,4007.15,8014.3
ITEM00740,ORD03595,PROD00270,2,2761.52,5523.04
ITEM00741,ORD03069,PROD00372,5,2539.48,12697.4
ITEM00742,ORD04904,PROD00333,2,1818.67,3637.34
ITEM00743,ORD01284,PROD00211,4,1571.57,6286.28
ITEM00744,ORD04087,PROD00137,5,3354.52,16772.6
ITEM00745,ORD02949,PROD00165,4,1457.2,5828.8
ITEM00746,ORD01237,PROD00460,1,2328.78,2328.78
ITEM00747,ORD00081,PROD00473,5,1302.41,6512.05
ITEM00748,ORD02896,PROD00372,1,4993.68,4993.68
ITEM00749,ORD00403,PROD00479,1,2679.04,2679.04
ITEM00750,ORD03303,PROD00379,5,2452.9,12264.5
ITEM00751,ORD02873,PROD00385,3,4112.24,12336.72
ITEM00752,ORD02773,PROD00278,1,3761.15,3761.15
ITEM00753,ORD02622,PROD00272,1,3287.5,3287.5
ITEM00754,ORD04605,PROD00464,1,633.47,633.47
ITEM00755,ORD03445,PROD00250,5,4459.29,22296.45
ITEM00756,ORD02130,PROD00130,5,2509.93,12549.65
ITEM00757,ORD04820,PROD00109,4,2232.68,8930.72
ITEM00758,ORD04490,PROD00489,4,2703.81,10815.24
ITEM00759,ORD03147,PROD00403,4,1946.95,7787.8
ITEM00760,ORD02708,PROD00125,3,2004.44,6013.32
ITEM00761,ORD03639,PROD00227,2,1246.45,2492.9
ITEM00762,ORD03346,PROD00499,3,3744.39,11233.17
ITEM00763,ORD03929,PROD00296,2,1073.3,2146.6
ITEM00764,ORD03526,PROD00471,2,865.46,1730.92
ITEM00765,ORD00609,PROD00177,2,2559.79,5119.58
ITEM00766,ORD03973,PROD00149,1,988.46,988.46
ITEM00767,ORD04086,PROD00126,2,2792.13,5584.26
ITEM00768,ORD00412,PROD00166,3,4936.02,14808.06
ITEM00769,ORD02374,PROD00005,2,664.99,1329.98
ITEM00770,ORD00032,PROD00130,3,4550.59,13651.77
ITEM00771,ORD03414,PROD00014,4,739.76,2959.04
ITEM00772,ORD04618,PROD00219,5,2443.18,12215.9
ITEM00773,ORD02210,PROD00182,2,3016.34,6032.68
ITEM00774,ORD01936,PROD00500,5,2485.38,12426.9
ITEM00775,ORD04687,PROD00273,4,1950.48,7801.92
ITEM00776,ORD04969,PROD00286,3,2944.94,8834.82
ITEM00777,ORD02442,PROD00249,1,2251.51,2251.51
ITEM00778,ORD02989,PROD00105,2,2005.45,4010.9
ITEM00779,ORD04332,PROD00270,5,2261.98,11309.9
ITEM00780,ORD02454,PROD00260,3,2667.47,8002.41
ITEM00781,ORD02838,PROD00463,5,3446.8,17234
ITEM00782,ORD02005,PROD00058,3,2318.15,6954.45
ITEM00783,ORD02150,PROD00136,5,2722.58,13612.9
ITEM00784,ORD00529,PROD00471,5,4670.26,23351.3
ITEM00785,ORD04625,PROD00164,4,1291.48,5165.92
ITEM00786,ORD02056,PROD00245,2,1760.84,3521.68
ITEM00787,ORD01942,PROD00225,4,2468.53,9874.12
ITEM00788,ORD01821,PROD00260,2,488.86,977.72
ITEM00789,ORD03641,PROD00190,3,2624.55,7873.65
ITEM00790,ORD00596,PROD00403,4,4522.08,18088.32
ITEM00791,ORD04492,PROD00388,5,498.78,2493.9
ITEM00792,ORD03843,PROD00171,5,4179.77,20898.85
ITEM00793,ORD04407,PROD00435,3,2514.6,7543.8
ITEM00794,ORD01536,PROD00417,2,721.48,1442.96
ITEM00795,ORD00234,PROD00471,5,298.4,1492
ITEM00796,ORD00101,PROD00164,1,1686.07,1686.07
ITEM00797,ORD00929,PROD00225,3,1818.33,5454.99
ITEM00798,ORD04510,PROD00187,2,1960.94,3921.88
ITEM00799,ORD04648,PROD00035,3,258.84,776.52
ITEM00800,ORD02482,PROD00474,5,1198.17,5990.85
ITEM00801,ORD01030,PROD00441,2,1523.2,3046.4
ITEM00802,ORD01104,PROD00097,4,605.43,2421.72
ITEM00803,ORD00454,PROD00397,5,1248.04,6240.2
ITEM00804,ORD01657,PROD00191,4,1747.55,6990.2
ITEM00805,ORD03019,PROD00314,2,4396.23,8792.46
ITEM00806,ORD04795,PROD00344,4,1637.47,6549.88
ITEM00807,ORD03244,PROD00416,5,198.67,993.35
ITEM00808,ORD00984,PROD00305,2,2568.47,5136.94
ITEM00809,ORD04304,PROD00251,4,4589.51,18358.04
ITEM00810,ORD02665,PROD00325,5,2495.1,12475.5
ITEM00811,ORD04523,PROD00075,4,2570.81,10283.24
ITEM00812,ORD03810,PROD00437,4,4922.74,19690.96
ITEM00813,ORD04817,PROD00478,4,1313,5252
ITEM00814,ORD04760,PROD00329,4,2332.72,9330.88
ITEM00815,ORD03583,PROD00433,5,3651.2,18256
ITEM00816,ORD04664,PROD00256,4,2118.38,8473.52
ITEM00817,ORD04123,PROD00415,5,4979.26,24896.3
ITEM00818,ORD00092,PROD00405,3,4656.67,13970.01
ITEM00819,ORD02395,PROD00143,1,3461.98,3461.98
ITEM00820,ORD03635,PROD00361,3,3342.62,10027.86
ITEM00821,ORD01287,PROD00484,2,3042.95,6085.9
ITEM00822,ORD00223,PROD00352,5,4484.11,22420.55
ITEM00823,ORD03617,PROD00314,1,184.37,184.37
ITEM00824,ORD01209,PROD00208,2,3582.28,7164.56
ITEM00825,ORD04234,PROD00082,3,823.81,2471.43
ITEM00826,ORD01947,PROD00009,3,1519.28,4557.84
ITEM00827,ORD00643,PROD00378,3,3143.64,9430.92
ITEM00828,ORD00992,PROD00035,3,2184.24,6552.72
ITEM00829,ORD01666,PROD00300,4,2266.18,9064.72
ITEM00830,ORD03624,PROD00085,5,4216.81,21084.05
ITEM00831,ORD02587,PROD00284,3,4027.58,12082.74
ITEM00832,ORD04836,PROD00403,1,3611.72,3611.72
ITEM00833,ORD00281,PROD00260,5,2355.73,11778.65
ITEM00834,ORD04054,PROD00169,5,1590.38,7951.9
ITEM00835,ORD04511,PROD00413,3,3847.59,11542.77
ITEM00836,ORD03211,PROD00174,1,1886.37,1886.37
ITEM00837,ORD01163,PROD00224,5,3170.61,15853.05
ITEM00838,ORD03039,PROD00018,5,1162.93,5814.65
ITEM00839,ORD00197,PROD00179,4,3729.72,14918.88
ITEM00840,ORD00373,PROD00210,1,4007.77,4007.77
ITEM00841,ORD01489,PROD00034,5,2135.5,10677.5
ITEM00842,ORD02602,PROD00199,2,2720.17,5440.34
ITEM00843,ORD03686,PROD00401,5,1287.43,6437.15
ITEM00844,ORD01501,PROD00248,1,4156.93,4156.93
ITEM00845,ORD01839,PROD00231,5,4690.66,23453.3
ITEM00846,ORD04561,PROD00395,5,4399.36,21996.8
ITEM00847,ORD04699,PROD00088,2,647.03,1294.06
ITEM00848,ORD03876,PROD00053,3,513.91,1541.73
ITEM00849,ORD03491,PROD00353,4,1282.54,5130.16
ITEM00850,ORD04336,PROD00191,2,2875.16,5750.32
ITEM00851,ORD03343,PROD00287,5,1157.18,5785.9
ITEM00852,ORD04112,PROD00105,3,3448.99,10346.97
ITEM00853,ORD04227,PROD00476,4,3913.98,15655.92
ITEM00854,ORD01327,PROD00102,1,2174.59,2174.59
ITEM00855,ORD02753,PROD00342,5,2033.86,10169.3
ITEM00856,ORD03270,PROD00244,4,325.05,1300.2
ITEM00857,ORD02867,PROD00289,4,1919.83,7679.32
ITEM00858,ORD01995,PROD00377,3,2299.62,6898.86
ITEM00859,ORD00025,PROD00164,3,1523.99,4571.97
ITEM00860,ORD01072,PROD00182,4,2458.82,9835.28
ITEM00861,ORD01466,PROD00169,1,1538.95,1538.95
ITEM00862,ORD04114,PROD00281,5,3289.83,16449.15
ITEM00863,ORD04429,PROD00467,1,226.38,226.38
ITEM00864,ORD04331,PROD00230,3,4049.03,12147.09
ITEM00865,ORD03969,PROD00258,2,1135.03,2270.06
ITEM00866,ORD03872,PROD00323,3,3804.75,11414.25
ITEM00867,ORD00175,PROD00079,2,327.68,655.36
ITEM00868,ORD00135,PROD00407,3,4711.88,14135.64
ITEM00869,ORD00486,PROD00405,3,519.67,1559.01
ITEM00870,ORD02482,PROD00297,4,3702.2,14808.8
ITEM00871,ORD03105,PROD00008,2,673.02,1346.04
ITEM00872,ORD03508,PROD00393,5,3388.47,16942.35
ITEM00873,ORD03005,PROD00323,1,521.35,521.35
ITEM00874,ORD00732,PROD00119,4,4849.11,19396.44
ITEM00875,ORD02257,PROD00226,3,181.56,544.68
ITEM00876,ORD00340,PROD00447,3,320.69,962.07
ITEM00877,ORD02465,PROD00018,3,1745,5235
ITEM00878,ORD01066,PROD00321,5,2977.09,14885.45
ITEM00879,ORD04676,PROD00319,4,213.21,852.84
ITEM00880,ORD03150,PROD00159,1,4641.58,4641.58
ITEM00881,ORD01983,PROD00171,5,3969.2,19846
ITEM00882,ORD04147,PROD00485,4,3280.71,13122.84
ITEM00883,ORD01846,PROD00404,1,4609.54,4609.54
ITEM00884,ORD01783,PROD00207,4,1134.71,4538.84
ITEM00885,ORD01350,PROD00156,3,2487.47,7462.41
ITEM00886,ORD04178,PROD00470,3,1693.52,5080.56
ITEM00887,ORD04293,PROD00374,1,2474.12,2474.12
ITEM00888,ORD00530,PROD00401,2,1254.99,2509.98
ITEM00889,ORD01508,PROD00134,3,4368.77,13106.31
ITEM00890,ORD03334,PROD00206,3,3269.83,9809.49
ITEM00891,ORD00289,PROD00395,2,3388.85,6777.7
ITEM00892,ORD02129,PROD00183,1,3675.19,3675.19
ITEM00893,ORD04496,PROD00010,2,2999.32,5998.64
ITEM00894,ORD04507,PROD00445,3,3537.23,10611.69
ITEM00895,ORD03418,PROD00254,5,4015.26,20076.3
ITEM00896,ORD00856,PROD00155,2,4226.63,8453.26
ITEM00897,ORD03085,PROD00057,1,3468.38,3468.38
ITEM00898,ORD04748,PROD00258,4,349.56,1398.24
ITEM00899,ORD04079,PROD00423,4,1132.71,4530.84
ITEM00900,ORD04105,PROD00496,1,4766.8,4766.8
ITEM00901,ORD03329,PROD00492,1,4448.95,4448.95
ITEM00902,ORD00841,PROD00115,5,4564.05,22820.25
ITEM00903,ORD04470,PROD00151,1,1226.13,1226.13
ITEM00904,ORD01480,PROD00282,4,3053.42,12213.68
ITEM00905,ORD00829,PROD00196,1,1887.69,1887.69
ITEM00906,ORD03350,PROD00198,3,1695.02,5085.06
ITEM00907,ORD01898,PROD00058,2,1911.49,3822.98
ITEM00908,ORD01795,PROD00216,2,4343.8,8687.6
ITEM00909,ORD03297,PROD00304,1,723.43,723.43
ITEM00910,ORD01411,PROD00395,5,2316.9,11584.5
ITEM00911,ORD04785,PROD00182,2,3954.5,7909
ITEM00912,ORD04788,PROD00483,4,3979.72,15918.88
ITEM00913,ORD02981,PROD00020,3,2492.58,7477.74
ITEM00914,ORD04621,PROD00332,5,393.64,1968.2
ITEM00915,ORD03698,PROD00062,5,3122.79,15613.95
ITEM00916,ORD01807,PROD00046,4,4528.34,18113.36
ITEM00917,ORD00771,PROD00478,3,3892.63,11677.89
ITEM00918,ORD02276,PROD00089,4,280.43,1121.72
ITEM00919,ORD00676,PROD00136,4,4695.33,18781.32
ITEM00920,ORD03420,PROD00171,3,2294.21,6882.63
ITEM00921,ORD02151,PROD00393,1,4256,4256
ITEM00922,ORD03524,PROD00134,1,1912.9,1912.9
ITEM00923,ORD04098,PROD00379,3,4845.87,14537.61
ITEM00924,ORD03393,PROD00379,2,3038.02,6076.04
ITEM00925,ORD03024,PROD00132,5,1500.45,7502.25
ITEM00926,ORD04697,PROD00409,1,3333.31,3333.31
ITEM00927,ORD03793,PROD00286,1,4192.6,4192.6
ITEM00928,ORD04146,PROD00249,1,1346.02,1346.02
ITEM00929,ORD04940,PROD00097,4,761.68,3046.72
ITEM00930,ORD03640,PROD00127,5,4059.07,20295.35
ITEM00931,ORD02665,PROD00377,5,2021.67,10108.35
ITEM00932,ORD01423,PROD00419,2,1631.05,3262.1
ITEM00933,ORD00020,PROD00361,4,3383.58,13534.32
ITEM00934,ORD00992,PROD00160,4,1478.46,5913.84
ITEM00935,ORD02214,PROD00002,4,1381.49,5525.96
ITEM00936,ORD01016,PROD00098,2,2233.12,4466.24
ITEM00937,ORD01270,PROD00167,3,1037.28,3111.84
ITEM00938,ORD00708,PROD00286,3,1773.28,5319.84
ITEM00939,ORD03525,PROD00369,2,802.55,1605.1
ITEM00940,ORD01703,PROD00274,2,4172.5,8345
ITEM00941,ORD02950,PROD00177,3,4700.38,14101.14
ITEM00942,ORD04716,PROD00342,1,4228.08,4228.08
ITEM00943,ORD01086,PROD00446,3,1438.54,4315.62
ITEM00944,ORD03943,PROD00174,3,3886.39,11659.17
ITEM00945,ORD04434,PROD00258,1,1902.18,1902.18
ITEM00946,ORD02244,PROD00332,1,2601.71,2601.71
ITEM00947,ORD00109,PROD00225,5,4621.04,23105.2
ITEM00948,ORD01240,PROD00201,2,2406.98,4813.96
ITEM00949,ORD00268,PROD00355,2,1107.06,2214.12
ITEM00950,ORD01736,PROD00251,2,3317.22,6634.44
ITEM00951,ORD02034,PROD00078,5,4687.86,23439.3
ITEM00952,ORD03698,PROD00127,4,2402.33,9609.32
ITEM00953,ORD03355,PROD00065,2,857.79,1715.58
ITEM00954,ORD03519,PROD00225,4,2291.07,9164.28
ITEM00955,ORD02751,PROD00467,3,2228.64,6685.92
ITEM00956,ORD01013,PROD00298,5,3988.11,19940.55
ITEM00957,ORD04403,PROD00497,3,3835.35,11506.05
ITEM00958,ORD03751,PROD00386,4,3236.81,12947.24
ITEM00959,ORD01238,PROD00500,3,2959.49,8878.47
ITEM00960,ORD04974,PROD00313,5,1518.69,7593.45
ITEM00961,ORD01649,PROD00214,2,3958.09,7916.18
ITEM00962,ORD04055,PROD00081,4,1798.23,7192.92
ITEM00963,ORD02136,PROD00364,4,2103.46,8413.84
ITEM00964,ORD00038,PROD00466,5,4823.29,24116.45
ITEM00965,ORD03463,PROD00460,3,1226.56,3679.68
ITEM00966,ORD01715,PROD00391,4,3266.22,13064.88
ITEM00967,ORD00620,PROD00204,2,255.57,511.14
ITEM00968,ORD01691,PROD00448,1,4519.51,4519.51
ITEM00969,ORD04890,PROD00008,1,2469.95,2469.95
ITEM00970,ORD00338,PROD00469,3,1292.3,3876.9
ITEM00971,ORD04375,PROD00114,2,2817.43,5634.86
ITEM00972,ORD02613,PROD00408,2,1078.56,2157.12
ITEM00973,ORD00864,PROD00204,1,2609.25,2609.25
ITEM00974,ORD00093,PROD00081,4,1469.78,5879.12
ITEM00975,ORD04406,PROD00030,2,2174.54,4349.08
ITEM00976,ORD01820,PROD00257,1,4369.39,4369.39
ITEM00977,ORD02994,PROD00489,5,4199.09,20995.45
ITEM00978,ORD02897,PROD00142,2,452.62,905.24
ITEM00979,ORD04458,PROD00466,2,2860.5,5721
ITEM00980,ORD02016,PROD00134,1,1861.45,1861.45
ITEM00981,ORD04750,PROD00412,1,4315.25,4315.25
ITEM00982,ORD03094,PROD00397,1,205.29,205.29
ITEM00983,ORD03443,PROD00434,4,160.33,641.32
ITEM00984,ORD03114,PROD00181,2,1254.83,2509.66
ITEM00985,ORD00311,PROD00487,1,1519.55,1519.55
ITEM00986,ORD01431,PROD00415,2,2110.95,4221.9
ITEM00987,ORD04051,PROD00283,2,1623.6,3247.2
ITEM00988,ORD02760,PROD00054,5,745.95,3729.75
ITEM00989,ORD01200,PROD00445,5,4966.34,24831.7
ITEM00990,ORD00814,PROD00483,4,4812.17,19248.68
ITEM00991,ORD03407,PROD00065,2,1753.02,3506.04
ITEM00992,ORD02369,PROD00017,1,395.69,395.69
ITEM00993,ORD03933,PROD00433,1,1683.08,1683.08
ITEM00994,ORD04067,PROD00473,5,4461.04,22305.2
ITEM00995,ORD04289,PROD00033,1,2033.95,2033.95
ITEM00996,ORD03913,PROD00329,1,2865.22,2865.22
ITEM00997,ORD03463,PROD00272,3,1001.28,3003.84
ITEM00998,ORD03066,PROD00026,4,2150.16,8600.64
ITEM00999,ORD04525,PROD00048,5,1150.68,5753.4
ITEM01000,ORD01344,PROD00059,4,2830.05,11320.2
