order_id,customer_id,order_date,total_amount,payment_method,order_status
ORD00001,CUST00647,1/22/2025,5400.46,NetBanking,Pending
ORD00002,CUST00775,2/9/2025,6599.54,COD,Shipped
ORD00003,CUST00195,3/26/2024,9391.91,COD,Delivered
ORD00004,CUST00763,5/14/2025,3555.92,COD,Pending
ORD00005,CUST00330,7/17/2024,9709.41,Card,Delivered
ORD00006,CUST00464,1/19/2024,2983.59,NetBanking,Delivered
ORD00007,CUST00957,12/6/2024,5713.55,NetBanking,Pending
ORD00008,CUST00858,1/18/2025,310.08,NetBanking,Pending
ORD00009,CUST00138,2/13/2024,12676.73,UPI,Shipped
ORD00010,CUST00507,8/30/2024,8393.06,NetBanking,Delivered
ORD00011,CUST00831,11/15/2024,680.71,NetBanking,Shipped
ORD00012,CUST00550,6/8/2024,12368.04,NetBanking,Delivered
ORD00013,CUST00110,3/15/2025,1012.71,NetBanking,Shipped
ORD00014,CUST00265,12/22/2024,12272.26,Card,Cancelled
ORD00015,CUST00871,6/23/2024,6298.04,UPI,Cancelled
ORD00016,CUST00511,2/8/2024,4764.1,NetBanking,Pending
ORD00017,CUST00027,1/12/2024,14722.56,NetBanking,Shipped
ORD00018,CUST00096,12/30/2024,13068.67,UPI,Cancelled
ORD00019,CUST00098,2/28/2024,14624.66,NetBanking,Cancelled
ORD00020,CUST00127,3/30/2025,2902.76,Card,Delivered
ORD00021,CUST00051,4/28/2024,4292.42,UPI,Cancelled
ORD00022,CUST00566,4/9/2025,9936.92,UPI,Pending
ORD00023,CUST00954,1/20/2025,802.91,COD,Delivered
ORD00024,CUST00342,12/2/2024,4181.91,UPI,Shipped
ORD00025,CUST00097,2/5/2024,14244.96,UPI,Delivered
ORD00026,CUST00489,4/1/2025,829.37,NetBanking,Pending
ORD00027,CUST00110,10/4/2024,4111.38,Card,Delivered
ORD00028,CUST00173,6/20/2024,2939.91,UPI,Delivered
ORD00029,CUST00224,8/28/2024,10985.48,Card,Shipped
ORD00030,CUST00981,1/12/2025,12368.2,Card,Pending
ORD00031,CUST00698,1/3/2024,7940.03,NetBanking,Shipped
ORD00032,CUST00561,9/9/2024,3721.09,COD,Shipped
ORD00033,CUST00683,11/9/2024,5948.93,NetBanking,Cancelled
ORD00034,CUST00415,3/10/2024,14611.08,COD,Cancelled
ORD00035,CUST00256,5/17/2024,9322.5,UPI,Pending
ORD00036,CUST00664,5/10/2024,9157.79,UPI,Delivered
ORD00037,CUST00605,7/26/2024,3029.24,NetBanking,Shipped
ORD00038,CUST00189,10/22/2024,12253.8,UPI,Shipped
ORD00039,CUST00729,3/8/2024,795.05,Card,Delivered
ORD00040,CUST00074,1/9/2025,10324.21,Card,Shipped
ORD00041,CUST00983,5/21/2024,1866.68,UPI,Shipped
ORD00042,CUST00114,1/2/2025,12483.57,UPI,Pending
ORD00043,CUST00350,2/24/2024,3253.74,Card,Shipped
ORD00044,CUST00664,1/5/2025,11826.84,NetBanking,Cancelled
ORD00045,CUST00421,5/15/2025,5805.12,NetBanking,Pending
ORD00046,CUST00207,12/5/2024,12894.79,Card,Shipped
ORD00047,CUST00362,7/18/2024,2982.41,Card,Pending
ORD00048,CUST00972,9/7/2024,4253.68,UPI,Cancelled
ORD00049,CUST00444,1/2/2024,7061.02,UPI,Delivered
ORD00050,CUST00470,1/18/2025,7959.37,Card,Pending
ORD00051,CUST00903,2/26/2024,4450.71,NetBanking,Cancelled
ORD00052,CUST00437,3/31/2024,11581.99,COD,Delivered
ORD00053,CUST00466,10/27/2024,5348.08,Card,Pending
ORD00054,CUST00705,4/12/2024,12984.95,COD,Pending
ORD00055,CUST00165,5/18/2024,7309.18,COD,Shipped
ORD00056,CUST00800,1/9/2024,3669.43,COD,Pending
ORD00057,CUST00972,4/22/2024,8365.85,Card,Delivered
ORD00058,CUST00739,5/17/2024,5688.34,NetBanking,Delivered
ORD00059,CUST00883,5/19/2024,9942.75,NetBanking,Pending
ORD00060,CUST00065,1/11/2024,8593.91,UPI,Shipped
ORD00061,CUST00290,4/5/2025,3931.06,Card,Shipped
ORD00062,CUST00509,11/17/2024,14666.29,UPI,Shipped
ORD00063,CUST00021,5/5/2025,5045.17,COD,Cancelled
ORD00064,CUST00493,1/1/2024,3062.6,UPI,Cancelled
ORD00065,CUST00783,1/4/2025,6487.76,NetBanking,Shipped
ORD00066,CUST00412,11/17/2024,10113.58,NetBanking,Delivered
ORD00067,CUST00484,7/13/2024,9444.36,Card,Cancelled
ORD00068,CUST00879,1/24/2024,5174.99,COD,Shipped
ORD00069,CUST00342,9/29/2024,7498.63,COD,Delivered
ORD00070,CUST00079,12/19/2024,1727.25,Card,Shipped
ORD00071,CUST00888,7/29/2024,849.38,COD,Pending
ORD00072,CUST00757,9/30/2024,1274.54,COD,Shipped
ORD00073,CUST00756,4/23/2024,3375.1,NetBanking,Delivered
ORD00074,CUST00263,1/19/2024,373.13,COD,Delivered
ORD00075,CUST00659,5/23/2024,8911.67,COD,Shipped
ORD00076,CUST00349,2/17/2024,13868.79,UPI,Delivered
ORD00077,CUST00257,2/16/2025,11908.27,Card,Delivered
ORD00078,CUST00706,8/31/2024,4300.81,Card,Delivered
ORD00079,CUST00863,4/19/2025,7445.33,Card,Pending
ORD00080,CUST00339,3/30/2025,1681.38,Card,Cancelled
ORD00081,CUST00438,1/1/2024,10506.41,NetBanking,Pending
ORD00082,CUST00713,10/11/2024,2631.56,UPI,Delivered
ORD00083,CUST00282,12/7/2024,3049.66,Card,Shipped
ORD00084,CUST00047,1/12/2025,11040.12,Card,Shipped
ORD00085,CUST00136,4/11/2024,4566,UPI,Pending
ORD00086,CUST00634,4/25/2024,2190.82,UPI,Shipped
ORD00087,CUST00643,7/6/2024,11397.52,NetBanking,Pending
ORD00088,CUST00705,3/19/2024,1136.37,Card,Pending
ORD00089,CUST00008,7/12/2024,2736.35,UPI,Shipped
ORD00090,CUST00864,12/16/2024,13414.93,UPI,Delivered
ORD00091,CUST00162,1/26/2025,3334.42,Card,Pending
ORD00092,CUST00446,2/25/2024,3593.01,Card,Cancelled
ORD00093,CUST00533,12/31/2024,10763.09,NetBanking,Pending
ORD00094,CUST00849,3/21/2024,14958.82,Card,Pending
ORD00095,CUST00177,8/5/2024,9242.04,COD,Cancelled
ORD00096,CUST00267,6/10/2024,9172.96,UPI,Shipped
ORD00097,CUST00303,7/26/2024,5757.79,COD,Delivered
ORD00098,CUST00596,3/23/2025,1907.14,Card,Delivered
ORD00099,CUST00755,4/27/2024,10563.99,UPI,Pending
ORD00100,CUST00932,7/21/2024,9814.9,Card,Delivered
ORD00101,CUST00185,9/22/2024,8177.58,Card,Shipped
ORD00102,CUST00930,5/3/2024,951.22,UPI,Shipped
ORD00103,CUST00566,10/2/2024,1436.8,UPI,Cancelled
ORD00104,CUST00341,5/13/2024,8323.83,Card,Delivered
ORD00105,CUST00503,8/6/2024,12783.63,Card,Shipped
ORD00106,CUST00809,2/15/2025,3463.52,UPI,Shipped
ORD00107,CUST00453,11/15/2024,1257.24,UPI,Cancelled
ORD00108,CUST00169,8/23/2024,10283.82,NetBanking,Delivered
ORD00109,CUST00784,1/17/2024,370.64,UPI,Delivered
ORD00110,CUST00830,3/17/2025,10901.73,UPI,Cancelled
ORD00111,CUST00776,3/25/2024,11184.53,UPI,Delivered
ORD00112,CUST00195,12/18/2024,7315.54,UPI,Pending
ORD00113,CUST00916,2/5/2025,8177.66,NetBanking,Delivered
ORD00114,CUST00646,2/7/2025,11277.38,UPI,Shipped
ORD00115,CUST00321,6/29/2024,5809.87,UPI,Cancelled
ORD00116,CUST00300,1/20/2025,4059.9,UPI,Shipped
ORD00117,CUST00685,11/3/2024,8730.5,COD,Cancelled
ORD00118,CUST00535,9/8/2024,13671.75,UPI,Shipped
ORD00119,CUST00845,3/30/2024,11495.78,UPI,Cancelled
ORD00120,CUST00481,7/13/2024,797.67,COD,Pending
ORD00121,CUST00046,1/14/2024,9068.33,UPI,Cancelled
ORD00122,CUST00252,3/29/2025,5792.86,NetBanking,Delivered
ORD00123,CUST00742,7/4/2024,7835.18,Card,Pending
ORD00124,CUST00577,7/12/2024,2019.55,COD,Shipped
ORD00125,CUST00276,2/12/2025,7772.9,NetBanking,Cancelled
ORD00126,CUST00051,12/4/2024,5619.92,Card,Pending
ORD00127,CUST00043,1/8/2025,8377.64,UPI,Pending
ORD00128,CUST00417,1/28/2024,3277.16,COD,Pending
ORD00129,CUST00364,11/12/2024,11840.54,UPI,Shipped
ORD00130,CUST00067,3/5/2024,1098.53,UPI,Delivered
ORD00131,CUST00402,3/19/2025,3941.66,UPI,Delivered
ORD00132,CUST00641,5/13/2024,11052.62,Card,Pending
ORD00133,CUST00902,9/12/2024,13977.32,Card,Pending
ORD00134,CUST00783,1/2/2025,2977.72,UPI,Pending
ORD00135,CUST00249,5/17/2024,2491.94,UPI,Shipped
ORD00136,CUST00410,12/22/2024,9362.31,NetBanking,Shipped
ORD00137,CUST00586,9/24/2024,9748.75,NetBanking,Pending
ORD00138,CUST00163,6/1/2024,506.5,COD,Shipped
ORD00139,CUST00740,7/7/2024,10933.38,COD,Shipped
ORD00140,CUST00318,2/23/2024,14419.45,NetBanking,Delivered
ORD00141,CUST00895,8/24/2024,803.53,COD,Cancelled
ORD00142,CUST00647,4/29/2025,5970.24,NetBanking,Cancelled
ORD00143,CUST00298,1/22/2025,13020.85,UPI,Shipped
ORD00144,CUST00808,7/25/2024,3590.37,NetBanking,Cancelled
ORD00145,CUST00700,10/5/2024,2966.94,Card,Delivered
ORD00146,CUST00087,12/8/2024,7153.51,NetBanking,Pending
ORD00147,CUST00287,2/9/2025,12973.65,UPI,Shipped
ORD00148,CUST00112,1/9/2025,5651.9,Card,Cancelled
ORD00149,CUST00743,6/18/2024,14592.65,COD,Delivered
ORD00150,CUST00705,12/10/2024,5230.95,NetBanking,Delivered
ORD00151,CUST00299,3/12/2025,3734.49,Card,Shipped
ORD00152,CUST00784,5/11/2025,12394.28,Card,Cancelled
ORD00153,CUST00323,10/27/2024,13275.51,UPI,Pending
ORD00154,CUST00228,1/7/2025,12139.23,UPI,Delivered
ORD00155,CUST00729,2/18/2024,9077.86,COD,Delivered
ORD00156,CUST00050,10/5/2024,9175.56,Card,Shipped
ORD00157,CUST00094,10/30/2024,9536.93,Card,Pending
ORD00158,CUST00138,4/20/2024,6193.92,NetBanking,Shipped
ORD00159,CUST00904,1/21/2024,6218.37,UPI,Delivered
ORD00160,CUST00086,5/4/2025,13788.33,COD,Cancelled
ORD00161,CUST00098,7/18/2024,7033.35,COD,Delivered
ORD00162,CUST00934,1/6/2024,2935.47,UPI,Delivered
ORD00163,CUST00110,10/27/2024,5151.91,COD,Delivered
ORD00164,CUST00131,10/8/2024,12596.43,UPI,Shipped
ORD00165,CUST00387,12/18/2024,5141.01,COD,Cancelled
ORD00166,CUST00291,1/8/2025,12381.01,UPI,Pending
ORD00167,CUST00004,4/14/2025,13257.76,Card,Pending
ORD00168,CUST00625,7/7/2024,11922.82,Card,Delivered
ORD00169,CUST00319,2/9/2024,9134.63,UPI,Cancelled
ORD00170,CUST00553,2/25/2024,4525.2,Card,Pending
ORD00171,CUST00489,9/28/2024,5275.66,UPI,Shipped
ORD00172,CUST00418,1/22/2025,3081.65,Card,Shipped
ORD00173,CUST00617,11/6/2024,7686.62,UPI,Shipped
ORD00174,CUST00282,8/19/2024,5160.83,COD,Delivered
ORD00175,CUST00262,2/17/2024,14019.91,NetBanking,Shipped
ORD00176,CUST00549,9/23/2024,6227.27,UPI,Cancelled
ORD00177,CUST00022,11/18/2024,11714.67,NetBanking,Shipped
ORD00178,CUST00959,9/9/2024,6053.35,COD,Delivered
ORD00179,CUST00711,9/22/2024,1620.58,Card,Pending
ORD00180,CUST00867,2/3/2025,465.94,UPI,Shipped
ORD00181,CUST00057,3/23/2025,7899.8,Card,Cancelled
ORD00182,CUST00408,7/18/2024,13291.19,UPI,Delivered
ORD00183,CUST00158,7/16/2024,10336.64,UPI,Cancelled
ORD00184,CUST00764,4/26/2025,3350.23,Card,Shipped
ORD00185,CUST00920,5/10/2024,5239.89,UPI,Pending
ORD00186,CUST00564,9/17/2024,2914.38,UPI,Pending
ORD00187,CUST00868,11/16/2024,7382,Card,Shipped
ORD00188,CUST00852,9/25/2024,4103.99,UPI,Delivered
ORD00189,CUST00312,5/3/2024,13466.14,UPI,Pending
ORD00190,CUST00199,2/3/2025,5270.62,Card,Pending
ORD00191,CUST00684,3/17/2025,13708.32,Card,Pending
ORD00192,CUST00218,1/24/2024,3659.46,NetBanking,Delivered
ORD00193,CUST00105,1/28/2024,10071.98,COD,Delivered
ORD00194,CUST00842,11/6/2024,902.87,NetBanking,Delivered
ORD00195,CUST00297,2/15/2025,4429.31,Card,Delivered
ORD00196,CUST00464,12/31/2024,14880.03,Card,Pending
ORD00197,CUST00613,1/22/2025,10651.19,COD,Pending
ORD00198,CUST00800,3/21/2025,9920.21,COD,Delivered
ORD00199,CUST00535,3/31/2025,4574.1,NetBanking,Pending
ORD00200,CUST00975,11/22/2024,8617.67,Card,Cancelled
ORD00201,CUST00106,10/16/2024,4557.23,NetBanking,Shipped
ORD00202,CUST00180,5/3/2025,13379.99,UPI,Shipped
ORD00203,CUST00800,3/5/2025,12144.75,Card,Cancelled
ORD00204,CUST00145,2/3/2025,11688.78,COD,Pending
ORD00205,CUST00574,10/15/2024,14417.29,UPI,Pending
ORD00206,CUST00717,11/14/2024,539.82,COD,Shipped
ORD00207,CUST00656,7/22/2024,1942.21,COD,Delivered
ORD00208,CUST00453,11/24/2024,2773.94,Card,Cancelled
ORD00209,CUST00966,10/14/2024,14921.44,Card,Shipped
ORD00210,CUST00687,6/15/2024,10005.64,NetBanking,Shipped
ORD00211,CUST00973,4/5/2025,7899.09,UPI,Cancelled
ORD00212,CUST00004,2/27/2025,13479.31,COD,Delivered
ORD00213,CUST00924,3/13/2024,10488.12,COD,Cancelled
ORD00214,CUST00563,1/16/2024,12107.86,Card,Pending
ORD00215,CUST00782,10/29/2024,5509.09,Card,Pending
ORD00216,CUST00273,12/4/2024,1583.76,COD,Pending
ORD00217,CUST00417,6/25/2024,9529.22,Card,Delivered
ORD00218,CUST00494,10/14/2024,12169.38,UPI,Shipped
ORD00219,CUST00195,1/27/2025,12147.04,NetBanking,Cancelled
ORD00220,CUST00769,4/17/2025,1978.75,Card,Cancelled
ORD00221,CUST00555,7/23/2024,2404.49,NetBanking,Cancelled
ORD00222,CUST00921,11/16/2024,800.32,UPI,Shipped
ORD00223,CUST00771,9/1/2024,3511.27,UPI,Pending
ORD00224,CUST00401,11/3/2024,13628.62,COD,Delivered
ORD00225,CUST00120,1/29/2024,12538.91,COD,Shipped
ORD00226,CUST00084,2/8/2024,10091.06,NetBanking,Delivered
ORD00227,CUST00969,1/25/2024,1180.09,UPI,Cancelled
ORD00228,CUST00301,2/11/2024,9521.96,UPI,Cancelled
ORD00229,CUST00465,1/28/2024,6235.31,Card,Shipped
ORD00230,CUST00597,3/22/2025,14251.47,COD,Shipped
ORD00231,CUST00748,1/26/2024,5651.74,NetBanking,Cancelled
ORD00232,CUST00918,1/9/2024,7529.98,COD,Cancelled
ORD00233,CUST00167,7/19/2024,1061.09,COD,Shipped
ORD00234,CUST00413,1/6/2025,11491.9,COD,Shipped
ORD00235,CUST00141,11/1/2024,5299.35,UPI,Pending
ORD00236,CUST00641,1/6/2025,12424.89,COD,Delivered
ORD00237,CUST00579,3/23/2024,10549.35,UPI,Cancelled
ORD00238,CUST00407,1/12/2024,14061.3,NetBanking,Delivered
ORD00239,CUST00200,5/11/2025,3136.9,COD,Shipped
ORD00240,CUST00960,2/15/2024,2163.45,NetBanking,Cancelled
ORD00241,CUST00953,1/1/2025,2734.48,NetBanking,Pending
ORD00242,CUST00479,2/25/2024,8261.34,UPI,Pending
ORD00243,CUST00210,1/6/2024,12773.27,Card,Delivered
ORD00244,CUST00618,2/10/2024,2618.07,COD,Delivered
ORD00245,CUST00769,4/22/2024,6444.11,NetBanking,Shipped
ORD00246,CUST00508,8/27/2024,8282.47,NetBanking,Pending
ORD00247,CUST00195,3/3/2024,3430.16,UPI,Cancelled
ORD00248,CUST00271,6/6/2024,8969.81,Card,Cancelled
ORD00249,CUST00145,1/25/2024,12989.02,NetBanking,Delivered
ORD00250,CUST00838,5/13/2025,1598.84,NetBanking,Cancelled
ORD00251,CUST00243,1/28/2024,6885.73,NetBanking,Delivered
ORD00252,CUST00482,7/22/2024,8105.89,Card,Pending
ORD00253,CUST00810,1/14/2025,7594.94,Card,Shipped
ORD00254,CUST00015,2/8/2024,12542.58,UPI,Pending
ORD00255,CUST00841,4/2/2025,8917.1,Card,Delivered
ORD00256,CUST00199,11/17/2024,4064.26,COD,Shipped
ORD00257,CUST00560,10/20/2024,5234.04,COD,Pending
ORD00258,CUST00777,4/29/2024,6505.1,Card,Shipped
ORD00259,CUST00118,3/24/2025,12751.53,Card,Cancelled
ORD00260,CUST00030,7/28/2024,5209.37,COD,Delivered
ORD00261,CUST00805,9/9/2024,10601.73,COD,Pending
ORD00262,CUST00950,12/14/2024,14918.12,COD,Pending
ORD00263,CUST00063,12/24/2024,6159.36,COD,Shipped
ORD00264,CUST00415,4/5/2025,7870.51,Card,Delivered
ORD00265,CUST00783,7/5/2024,233.32,Card,Delivered
ORD00266,CUST00861,12/3/2024,2729.92,Card,Cancelled
ORD00267,CUST00691,6/16/2024,2556.41,COD,Cancelled
ORD00268,CUST00796,1/8/2024,5158.76,COD,Delivered
ORD00269,CUST00272,12/17/2024,6193.03,Card,Delivered
ORD00270,CUST00667,9/24/2024,11597.34,Card,Delivered
ORD00271,CUST00143,10/19/2024,5045.41,COD,Pending
ORD00272,CUST00609,1/21/2025,14332.39,NetBanking,Shipped
ORD00273,CUST00639,8/8/2024,9212.63,NetBanking,Delivered
ORD00274,CUST00163,5/2/2025,2077.74,UPI,Cancelled
ORD00275,CUST00035,2/12/2025,14280.72,Card,Pending
ORD00276,CUST00737,5/14/2025,9053.7,NetBanking,Cancelled
ORD00277,CUST00134,11/27/2024,4612.43,NetBanking,Delivered
ORD00278,CUST00087,11/27/2024,4396.78,COD,Pending
ORD00279,CUST00830,5/7/2025,11317.38,UPI,Pending
ORD00280,CUST00366,2/16/2024,13870.01,Card,Pending
ORD00281,CUST00400,8/17/2024,7268.5,Card,Delivered
ORD00282,CUST00631,4/23/2025,6889.69,COD,Delivered
ORD00283,CUST00629,5/8/2025,1139.52,COD,Pending
ORD00284,CUST00545,11/8/2024,7488.57,Card,Pending
ORD00285,CUST00510,9/15/2024,10834.39,Card,Shipped
ORD00286,CUST00529,6/12/2024,8736.7,COD,Delivered
ORD00287,CUST00659,2/8/2025,8075.68,UPI,Pending
ORD00288,CUST00191,11/25/2024,10298.61,Card,Cancelled
ORD00289,CUST00713,1/27/2024,4186.04,UPI,Cancelled
ORD00290,CUST00400,1/21/2025,5837.9,NetBanking,Pending
ORD00291,CUST00040,10/18/2024,653.39,UPI,Shipped
ORD00292,CUST00922,5/23/2024,8218.2,NetBanking,Cancelled
ORD00293,CUST00258,5/17/2024,2901.83,COD,Pending
ORD00294,CUST00404,10/30/2024,3102.39,NetBanking,Cancelled
ORD00295,CUST00654,4/5/2024,3850.05,Card,Cancelled
ORD00296,CUST00401,2/8/2025,12488.56,Card,Shipped
ORD00297,CUST00984,10/6/2024,13542.46,UPI,Cancelled
ORD00298,CUST00169,7/26/2024,4058.78,NetBanking,Shipped
ORD00299,CUST00780,9/29/2024,5200.74,COD,Shipped
ORD00300,CUST00968,4/12/2025,5281.59,Card,Shipped
ORD00301,CUST00969,7/25/2024,8919.04,Card,Cancelled
ORD00302,CUST00623,9/28/2024,11768.9,NetBanking,Delivered
ORD00303,CUST00882,4/24/2024,14873.15,UPI,Pending
ORD00304,CUST00375,7/8/2024,579.76,COD,Cancelled
ORD00305,CUST00396,5/4/2025,14253.74,NetBanking,Delivered
ORD00306,CUST00329,11/8/2024,11388.62,NetBanking,Cancelled
ORD00307,CUST00008,4/24/2024,3073.56,UPI,Delivered
ORD00308,CUST00853,4/19/2025,1875.31,COD,Pending
ORD00309,CUST00049,3/25/2024,3147.39,NetBanking,Shipped
ORD00310,CUST00813,5/17/2024,757.82,NetBanking,Shipped
ORD00311,CUST00315,7/20/2024,1505.47,NetBanking,Pending
ORD00312,CUST00335,2/25/2024,12448.47,Card,Delivered
ORD00313,CUST00747,4/20/2024,2767.94,Card,Pending
ORD00314,CUST00746,8/31/2024,12718.96,UPI,Shipped
ORD00315,CUST00437,2/12/2025,6820.44,NetBanking,Delivered
ORD00316,CUST00983,1/9/2024,9387.41,Card,Delivered
ORD00317,CUST00974,5/25/2024,11592.44,UPI,Delivered
ORD00318,CUST00363,2/1/2025,2824.41,COD,Delivered
ORD00319,CUST00606,12/22/2024,7951.07,UPI,Shipped
ORD00320,CUST00490,1/22/2025,299.55,NetBanking,Shipped
ORD00321,CUST00865,4/30/2024,7810.99,NetBanking,Pending
ORD00322,CUST00912,3/24/2024,2225.38,NetBanking,Pending
ORD00323,CUST00060,8/1/2024,14342.08,COD,Pending
ORD00324,CUST00453,10/2/2024,4337.16,Card,Shipped
ORD00325,CUST00724,9/9/2024,5200.78,NetBanking,Cancelled
ORD00326,CUST00648,10/4/2024,5225.14,COD,Cancelled
ORD00327,CUST00888,2/11/2025,4896.44,NetBanking,Shipped
ORD00328,CUST00132,9/14/2024,4707.22,UPI,Delivered
ORD00329,CUST00710,2/19/2025,6535.99,NetBanking,Delivered
ORD00330,CUST00955,3/10/2024,12794.99,UPI,Delivered
ORD00331,CUST00821,3/20/2024,4741.25,Card,Shipped
ORD00332,CUST00982,2/7/2024,3699.03,UPI,Cancelled
ORD00333,CUST00325,3/20/2025,1224.79,UPI,Cancelled
ORD00334,CUST00493,6/23/2024,700.08,Card,Pending
ORD00335,CUST00756,10/11/2024,2895.81,UPI,Cancelled
ORD00336,CUST00292,6/4/2024,12796.61,COD,Pending
ORD00337,CUST00635,10/27/2024,14927.49,COD,Shipped
ORD00338,CUST00987,9/12/2024,12785.06,Card,Pending
ORD00339,CUST00921,8/17/2024,9632.36,COD,Cancelled
ORD00340,CUST00424,11/25/2024,2415.63,UPI,Shipped
ORD00341,CUST00867,7/6/2024,7826.65,Card,Cancelled
ORD00342,CUST00215,5/27/2024,14255.61,UPI,Shipped
ORD00343,CUST00834,2/16/2025,2758.53,UPI,Shipped
ORD00344,CUST00857,4/7/2024,1131.15,Card,Shipped
ORD00345,CUST00862,3/25/2025,9748.19,NetBanking,Delivered
ORD00346,CUST00387,1/31/2024,11126.79,UPI,Shipped
ORD00347,CUST00269,7/31/2024,7445.16,Card,Pending
ORD00348,CUST00025,6/25/2024,8081.19,COD,Pending
ORD00349,CUST00724,9/22/2024,1488.96,COD,Shipped
ORD00350,CUST00186,2/6/2025,13517.8,COD,Pending
ORD00351,CUST00267,6/13/2024,11253.03,NetBanking,Cancelled
ORD00352,CUST00139,9/4/2024,5807.86,UPI,Cancelled
ORD00353,CUST00634,3/13/2024,1535.46,COD,Pending
ORD00354,CUST00674,4/5/2025,8396.24,UPI,Pending
ORD00355,CUST00563,1/28/2024,13061.65,COD,Delivered
ORD00356,CUST00481,11/26/2024,2798.13,COD,Shipped
ORD00357,CUST00454,4/11/2024,11850.73,Card,Shipped
ORD00358,CUST00858,5/4/2025,13906.09,NetBanking,Shipped
ORD00359,CUST00159,3/29/2024,8734.39,Card,Pending
ORD00360,CUST00176,3/27/2025,14339.06,COD,Cancelled
ORD00361,CUST00875,12/2/2024,8860.62,NetBanking,Shipped
ORD00362,CUST00564,10/10/2024,2329.32,Card,Cancelled
ORD00363,CUST00373,11/30/2024,10596.56,Card,Shipped
ORD00364,CUST00570,6/12/2024,14107.5,NetBanking,Pending
ORD00365,CUST00501,3/3/2024,10926.83,COD,Pending
ORD00366,CUST00166,4/22/2024,12161.98,NetBanking,Shipped
ORD00367,CUST00021,4/27/2025,8651.45,NetBanking,Cancelled
ORD00368,CUST00831,10/22/2024,14305.55,COD,Delivered
ORD00369,CUST00915,4/2/2024,6813.04,COD,Delivered
ORD00370,CUST00585,4/5/2024,2780.09,UPI,Shipped
ORD00371,CUST00340,1/29/2024,3848.04,COD,Pending
ORD00372,CUST00116,1/3/2025,3370.71,NetBanking,Shipped
ORD00373,CUST00975,10/23/2024,8463.02,Card,Shipped
ORD00374,CUST00029,3/17/2024,12222.35,UPI,Shipped
ORD00375,CUST00374,2/10/2025,6077.55,UPI,Shipped
ORD00376,CUST00039,3/29/2024,13273.9,NetBanking,Pending
ORD00377,CUST00831,11/6/2024,14107.96,COD,Pending
ORD00378,CUST00701,6/27/2024,3316.67,NetBanking,Cancelled
ORD00379,CUST00243,4/4/2024,9633.92,COD,Delivered
ORD00380,CUST00858,2/12/2025,13853.7,UPI,Shipped
ORD00381,CUST00285,1/9/2024,14674.25,Card,Pending
ORD00382,CUST00084,11/26/2024,12257.16,NetBanking,Delivered
ORD00383,CUST00069,8/23/2024,5333.93,Card,Shipped
ORD00384,CUST00746,3/22/2025,8643.64,UPI,Delivered
ORD00385,CUST00153,2/2/2025,9715.09,Card,Cancelled
ORD00386,CUST00025,12/5/2024,1568.63,Card,Pending
ORD00387,CUST00670,5/21/2024,13044.28,Card,Delivered
ORD00388,CUST00844,11/9/2024,3105.72,UPI,Pending
ORD00389,CUST00085,8/28/2024,3314.17,COD,Delivered
ORD00390,CUST00991,11/7/2024,1904.52,COD,Delivered
ORD00391,CUST00155,11/20/2024,11029.98,UPI,Shipped
ORD00392,CUST00121,3/21/2024,13027.62,COD,Pending
ORD00393,CUST00771,8/26/2024,9970.71,UPI,Delivered
ORD00394,CUST00790,11/6/2024,11241.11,UPI,Delivered
ORD00395,CUST00392,2/27/2024,6159.91,Card,Shipped
ORD00396,CUST00124,1/22/2024,9339.12,UPI,Pending
ORD00397,CUST00741,3/10/2024,5275.5,COD,Shipped
ORD00398,CUST00948,4/11/2024,9420.02,Card,Delivered
ORD00399,CUST00586,5/30/2024,3048.18,COD,Cancelled
ORD00400,CUST00550,4/16/2024,398.45,Card,Pending
ORD00401,CUST00898,11/29/2024,10044.13,NetBanking,Delivered
ORD00402,CUST00783,3/17/2024,11818.01,Card,Delivered
ORD00403,CUST00292,2/16/2024,536.1,COD,Shipped
ORD00404,CUST00346,4/17/2025,12925.69,NetBanking,Shipped
ORD00405,CUST00611,3/17/2024,4443.35,Card,Delivered
ORD00406,CUST00843,3/6/2025,8952.74,NetBanking,Cancelled
ORD00407,CUST00390,1/4/2025,12626.76,UPI,Delivered
ORD00408,CUST00954,2/16/2025,3376.35,NetBanking,Shipped
ORD00409,CUST00712,2/2/2025,8835.19,UPI,Delivered
ORD00410,CUST00993,4/27/2024,6915.27,Card,Cancelled
ORD00411,CUST00435,4/7/2024,14040.5,NetBanking,Cancelled
ORD00412,CUST00315,7/17/2024,11486.07,Card,Shipped
ORD00413,CUST00028,3/9/2025,4038.49,UPI,Shipped
ORD00414,CUST00145,1/14/2024,14853.48,UPI,Pending
ORD00415,CUST00371,3/4/2024,9290.92,COD,Shipped
ORD00416,CUST00507,10/12/2024,4313.38,Card,Delivered
ORD00417,CUST00737,8/14/2024,10878.9,UPI,Pending
ORD00418,CUST00883,8/6/2024,8944.03,COD,Shipped
ORD00419,CUST00130,3/7/2024,12928.16,UPI,Cancelled
ORD00420,CUST00268,6/12/2024,14303.13,Card,Delivered
ORD00421,CUST00719,4/23/2024,10712.91,NetBanking,Delivered
ORD00422,CUST00061,5/7/2024,2045.48,NetBanking,Pending
ORD00423,CUST00509,5/4/2025,8553.54,COD,Cancelled
ORD00424,CUST00915,8/4/2024,11845.23,UPI,Cancelled
ORD00425,CUST00605,8/14/2024,10220.61,NetBanking,Cancelled
ORD00426,CUST00436,5/25/2024,12683.88,Card,Cancelled
ORD00427,CUST00862,9/2/2024,1775.09,NetBanking,Pending
ORD00428,CUST00003,8/10/2024,1836.29,UPI,Delivered
ORD00429,CUST00803,2/12/2025,7809.91,UPI,Shipped
ORD00430,CUST00826,1/14/2024,13689.72,COD,Shipped
ORD00431,CUST00461,2/21/2024,6099.85,UPI,Pending
ORD00432,CUST00434,3/23/2024,7840.94,UPI,Delivered
ORD00433,CUST00745,2/19/2025,10118.88,COD,Delivered
ORD00434,CUST00607,3/16/2024,651.13,UPI,Cancelled
ORD00435,CUST00063,12/26/2024,7059.14,Card,Delivered
ORD00436,CUST00464,7/28/2024,1704.66,UPI,Pending
ORD00437,CUST00235,12/30/2024,5115.66,UPI,Cancelled
ORD00438,CUST00994,7/3/2024,8054.27,NetBanking,Pending
ORD00439,CUST00205,6/2/2024,12055.19,Card,Delivered
ORD00440,CUST00202,12/26/2024,566.89,COD,Shipped
ORD00441,CUST00545,6/27/2024,12919.19,NetBanking,Pending
ORD00442,CUST00721,8/6/2024,6556.38,NetBanking,Pending
ORD00443,CUST00210,1/16/2024,1983.35,UPI,Cancelled
ORD00444,CUST00688,4/11/2024,12094.07,Card,Pending
ORD00445,CUST00843,3/21/2024,12186.02,COD,Cancelled
ORD00446,CUST00448,3/5/2025,13366.62,COD,Shipped
ORD00447,CUST00362,2/10/2024,8860.18,Card,Shipped
ORD00448,CUST00875,12/24/2024,7230.05,UPI,Delivered
ORD00449,CUST00413,5/16/2024,6339.1,UPI,Cancelled
ORD00450,CUST00339,5/9/2025,9477.2,UPI,Delivered
ORD00451,CUST00120,2/11/2025,948.55,COD,Pending
ORD00452,CUST00936,3/4/2024,3934.29,UPI,Cancelled
ORD00453,CUST00242,10/26/2024,8249.39,UPI,Cancelled
ORD00454,CUST00004,10/20/2024,4862.7,UPI,Cancelled
ORD00455,CUST00177,2/5/2025,825.99,UPI,Cancelled
ORD00456,CUST00851,11/27/2024,9049.41,COD,Pending
ORD00457,CUST00621,2/5/2025,8031.98,COD,Shipped
ORD00458,CUST00067,11/27/2024,3140.22,COD,Delivered
ORD00459,CUST00425,2/20/2025,5856.87,NetBanking,Delivered
ORD00460,CUST00930,7/29/2024,5853.66,UPI,Shipped
ORD00461,CUST00497,4/20/2024,4442.49,UPI,Pending
ORD00462,CUST00585,9/2/2024,4139.38,Card,Shipped
ORD00463,CUST00331,1/25/2025,6666.03,Card,Cancelled
ORD00464,CUST00583,10/25/2024,13697.15,COD,Delivered
ORD00465,CUST00729,2/4/2024,12373.68,NetBanking,Shipped
ORD00466,CUST00442,3/28/2025,12752.2,Card,Delivered
ORD00467,CUST00479,4/19/2024,954.52,COD,Shipped
ORD00468,CUST00092,2/24/2024,6278.98,Card,Delivered
ORD00469,CUST00823,11/18/2024,9974.51,NetBanking,Delivered
ORD00470,CUST00954,3/11/2025,13548.66,UPI,Shipped
ORD00471,CUST00701,7/8/2024,10586.89,COD,Shipped
ORD00472,CUST00115,4/4/2025,1435.81,COD,Delivered
ORD00473,CUST00857,1/9/2025,8155.03,NetBanking,Delivered
ORD00474,CUST00841,2/21/2025,12800.73,COD,Cancelled
ORD00475,CUST00548,6/4/2024,2245.96,UPI,Pending
ORD00476,CUST00902,4/29/2025,13274.93,Card,Pending
ORD00477,CUST00520,5/12/2025,5732.23,UPI,Shipped
ORD00478,CUST00832,2/1/2024,580.26,UPI,Pending
ORD00479,CUST00328,8/30/2024,7204.47,UPI,Shipped
ORD00480,CUST00194,3/7/2025,5827.7,UPI,Cancelled
ORD00481,CUST00413,10/31/2024,1554.25,UPI,Shipped
ORD00482,CUST00913,9/18/2024,7595.33,NetBanking,Shipped
ORD00483,CUST00687,11/3/2024,6467.42,Card,Pending
ORD00484,CUST00771,1/6/2025,6003.15,COD,Delivered
ORD00485,CUST00045,5/16/2024,8914.86,Card,Delivered
ORD00486,CUST00927,5/12/2024,11898.97,COD,Delivered
ORD00487,CUST00438,6/30/2024,851.51,Card,Shipped
ORD00488,CUST00291,9/6/2024,10178.05,Card,Cancelled
ORD00489,CUST00387,1/5/2025,5439.83,COD,Pending
ORD00490,CUST00300,4/3/2024,9671.98,COD,Cancelled
ORD00491,CUST00625,3/3/2025,5769.46,Card,Cancelled
ORD00492,CUST00627,4/24/2025,6553.76,NetBanking,Pending
ORD00493,CUST00320,9/18/2024,2445,COD,Delivered
ORD00494,CUST00575,3/19/2024,5202.67,COD,Shipped
ORD00495,CUST00956,3/22/2024,5462.46,Card,Pending
ORD00496,CUST00556,5/20/2024,8291.34,UPI,Shipped
ORD00497,CUST00548,5/16/2024,6121.93,Card,Delivered
ORD00498,CUST00447,3/26/2025,2234.4,NetBanking,Pending
ORD00499,CUST00155,9/2/2024,14860.81,COD,Delivered
ORD00500,CUST00023,8/5/2024,9423.94,UPI,Delivered
ORD00501,CUST00076,6/2/2024,3373.89,UPI,Shipped
ORD00502,CUST00678,7/2/2024,11381.27,Card,Shipped
ORD00503,CUST00418,12/31/2024,1797.81,Card,Pending
ORD00504,CUST00418,1/3/2025,13437.75,NetBanking,Shipped
ORD00505,CUST00045,5/7/2024,13791.59,NetBanking,Delivered
ORD00506,CUST00341,7/24/2024,11740.43,UPI,Shipped
ORD00507,CUST00929,7/3/2024,14350.99,NetBanking,Pending
ORD00508,CUST00269,3/15/2024,2043.63,UPI,Pending
ORD00509,CUST00666,6/11/2024,667.17,Card,Cancelled
ORD00510,CUST00029,5/20/2024,11857.93,COD,Pending
ORD00511,CUST00065,3/8/2025,7156.68,COD,Delivered
ORD00512,CUST00529,1/30/2025,2076.3,NetBanking,Delivered
ORD00513,CUST00555,10/6/2024,14355.11,UPI,Pending
ORD00514,CUST00854,8/24/2024,8357.06,UPI,Cancelled
ORD00515,CUST00454,2/10/2024,4208.88,UPI,Shipped
ORD00516,CUST00335,3/5/2025,9413.7,COD,Pending
ORD00517,CUST00272,4/29/2025,8279.54,Card,Pending
ORD00518,CUST00634,12/22/2024,8333.37,NetBanking,Pending
ORD00519,CUST00320,10/17/2024,10392.6,UPI,Cancelled
ORD00520,CUST00603,6/23/2024,4066.04,NetBanking,Delivered
ORD00521,CUST00128,2/26/2024,9282.72,Card,Delivered
ORD00522,CUST00704,3/8/2025,11759.48,NetBanking,Shipped
ORD00523,CUST00952,12/22/2024,5846.05,UPI,Cancelled
ORD00524,CUST00073,2/28/2024,7222.32,COD,Delivered
ORD00525,CUST00853,4/26/2024,9020.9,COD,Shipped
ORD00526,CUST00322,8/3/2024,3878.58,Card,Delivered
ORD00527,CUST00594,9/20/2024,4046.6,NetBanking,Delivered
ORD00528,CUST00498,7/13/2024,313.64,UPI,Cancelled
ORD00529,CUST00140,2/17/2025,4620.96,NetBanking,Shipped
ORD00530,CUST00301,1/25/2024,13823.53,COD,Cancelled
ORD00531,CUST00925,2/6/2025,11160.29,COD,Pending
ORD00532,CUST00421,9/11/2024,940.03,COD,Cancelled
ORD00533,CUST00015,3/23/2024,12338.83,NetBanking,Cancelled
ORD00534,CUST00886,8/4/2024,5589.98,COD,Cancelled
ORD00535,CUST00914,10/2/2024,631.93,COD,Cancelled
ORD00536,CUST00327,1/28/2025,14478.42,Card,Delivered
ORD00537,CUST00134,8/5/2024,3789.25,NetBanking,Cancelled
ORD00538,CUST00415,2/13/2025,13163.11,Card,Shipped
ORD00539,CUST00429,1/29/2025,5180.31,NetBanking,Delivered
ORD00540,CUST00407,2/25/2024,9562.84,NetBanking,Shipped
ORD00541,CUST00055,4/18/2025,335.51,COD,Shipped
ORD00542,CUST00192,3/14/2025,1952.53,Card,Cancelled
ORD00543,CUST00987,4/2/2024,11478.14,COD,Pending
ORD00544,CUST00903,5/8/2025,7279.8,COD,Cancelled
ORD00545,CUST00138,7/24/2024,11504.37,UPI,Pending
ORD00546,CUST00107,1/15/2024,1370.16,NetBanking,Delivered
ORD00547,CUST00382,2/17/2024,13678.64,NetBanking,Pending
ORD00548,CUST00007,1/31/2024,11455.3,UPI,Delivered
ORD00549,CUST00603,8/30/2024,7840.8,COD,Pending
ORD00550,CUST00507,12/30/2024,14876.23,Card,Shipped
ORD00551,CUST00082,3/23/2025,2758.76,NetBanking,Pending
ORD00552,CUST00805,4/21/2025,13479.53,NetBanking,Pending
ORD00553,CUST00736,3/10/2024,6246.52,NetBanking,Shipped
ORD00554,CUST00832,11/22/2024,6489.82,Card,Delivered
ORD00555,CUST00169,4/15/2025,991.37,NetBanking,Shipped
ORD00556,CUST00778,1/11/2025,13290.57,NetBanking,Shipped
ORD00557,CUST00355,8/8/2024,10507.23,COD,Delivered
ORD00558,CUST00568,8/24/2024,5385.25,Card,Cancelled
ORD00559,CUST00971,5/15/2024,7808.03,NetBanking,Shipped
ORD00560,CUST00688,3/4/2024,8450.88,Card,Cancelled
ORD00561,CUST00260,3/25/2025,5558.03,NetBanking,Delivered
ORD00562,CUST00693,1/17/2024,14179.68,NetBanking,Cancelled
ORD00563,CUST00377,11/30/2024,4421.06,COD,Cancelled
ORD00564,CUST00150,1/13/2025,13074.08,UPI,Delivered
ORD00565,CUST00968,3/12/2024,3064.53,COD,Cancelled
ORD00566,CUST00551,1/29/2025,9298.69,COD,Delivered
ORD00567,CUST00449,8/18/2024,13537.32,COD,Shipped
ORD00568,CUST00681,5/4/2024,4543.35,Card,Pending
ORD00569,CUST00032,3/27/2024,3036.1,COD,Shipped
ORD00570,CUST00075,2/23/2025,13486.54,NetBanking,Delivered
ORD00571,CUST00556,12/1/2024,1099.52,UPI,Pending
ORD00572,CUST00253,5/7/2025,12435.18,NetBanking,Cancelled
ORD00573,CUST00651,12/31/2024,3076.56,COD,Shipped
ORD00574,CUST00737,6/15/2024,8270.72,Card,Cancelled
ORD00575,CUST00916,11/15/2024,3595.67,Card,Cancelled
ORD00576,CUST00037,1/7/2024,12896.01,UPI,Delivered
ORD00577,CUST00894,1/1/2025,6065.82,COD,Cancelled
ORD00578,CUST00927,9/20/2024,1191.02,COD,Cancelled
ORD00579,CUST00286,3/29/2024,3960.72,NetBanking,Cancelled
ORD00580,CUST00438,5/14/2024,991.61,Card,Cancelled
ORD00581,CUST00068,12/18/2024,7231.65,Card,Pending
ORD00582,CUST00804,12/26/2024,8376.57,UPI,Cancelled
ORD00583,CUST00660,5/3/2024,9017.2,Card,Pending
ORD00584,CUST00515,5/6/2025,7784.89,NetBanking,Pending
ORD00585,CUST00638,2/15/2025,8604.9,COD,Shipped
ORD00586,CUST00909,3/29/2025,11512.15,UPI,Cancelled
ORD00587,CUST00493,6/10/2024,8765.87,Card,Pending
ORD00588,CUST00281,2/23/2024,12628.24,Card,Cancelled
ORD00589,CUST00239,7/11/2024,739.15,UPI,Pending
ORD00590,CUST00259,12/29/2024,2790.44,Card,Shipped
ORD00591,CUST00571,3/1/2025,9800.72,COD,Shipped
ORD00592,CUST00242,9/23/2024,3726.35,UPI,Shipped
ORD00593,CUST00116,5/14/2025,14782.89,COD,Delivered
ORD00594,CUST00943,7/19/2024,12290.29,Card,Shipped
ORD00595,CUST00888,9/21/2024,7817.32,UPI,Shipped
ORD00596,CUST00150,3/26/2024,1992.67,UPI,Delivered
ORD00597,CUST00236,4/4/2024,2800.79,UPI,Delivered
ORD00598,CUST00709,2/2/2024,7925.92,COD,Pending
ORD00599,CUST00118,7/13/2024,870.58,UPI,Pending
ORD00600,CUST00396,1/1/2025,2001.2,UPI,Cancelled
ORD00601,CUST00382,4/6/2024,5879,UPI,Cancelled
ORD00602,CUST00940,2/1/2024,10922.69,NetBanking,Cancelled
ORD00603,CUST00250,11/28/2024,9689.07,UPI,Delivered
ORD00604,CUST00495,2/6/2025,4290.18,Card,Shipped
ORD00605,CUST00317,6/10/2024,6248.29,NetBanking,Delivered
ORD00606,CUST00004,1/18/2024,3138.62,UPI,Pending
ORD00607,CUST00770,3/3/2025,6183.31,Card,Delivered
ORD00608,CUST00837,7/8/2024,12270.59,NetBanking,Pending
ORD00609,CUST00855,8/12/2024,1303.09,UPI,Delivered
ORD00610,CUST00444,8/11/2024,14592.17,COD,Pending
ORD00611,CUST00095,5/17/2024,1292.62,COD,Cancelled
ORD00612,CUST00889,6/2/2024,1480.82,UPI,Shipped
ORD00613,CUST00002,5/24/2024,12154.89,NetBanking,Delivered
ORD00614,CUST00629,7/23/2024,12305.58,NetBanking,Pending
ORD00615,CUST00536,1/22/2024,9304.6,NetBanking,Shipped
ORD00616,CUST00430,8/8/2024,8313.87,NetBanking,Shipped
ORD00617,CUST00548,7/12/2024,10939.11,COD,Shipped
ORD00618,CUST00622,7/17/2024,6994.88,UPI,Shipped
ORD00619,CUST00444,10/3/2024,8458.84,UPI,Pending
ORD00620,CUST00699,9/27/2024,9974.1,COD,Delivered
ORD00621,CUST00032,7/5/2024,5690.74,COD,Shipped
ORD00622,CUST00465,7/4/2024,12689.62,COD,Pending
ORD00623,CUST00710,1/12/2024,9001.58,Card,Delivered
ORD00624,CUST00090,4/27/2025,2163.98,NetBanking,Pending
ORD00625,CUST00987,3/10/2025,9539.68,Card,Pending
ORD00626,CUST00310,1/8/2024,14671.11,UPI,Cancelled
ORD00627,CUST00143,4/23/2025,14123.03,COD,Cancelled
ORD00628,CUST00523,6/20/2024,4852.45,UPI,Pending
ORD00629,CUST00468,9/6/2024,4503.65,UPI,Shipped
ORD00630,CUST00304,9/6/2024,5899.43,Card,Delivered
ORD00631,CUST00555,2/19/2024,10160.02,Card,Cancelled
ORD00632,CUST00624,2/17/2024,10749,COD,Shipped
ORD00633,CUST00273,8/11/2024,2819.99,Card,Pending
ORD00634,CUST00525,6/20/2024,8897,COD,Delivered
ORD00635,CUST00725,2/19/2025,13248.29,NetBanking,Cancelled
ORD00636,CUST00939,5/16/2024,2151.98,NetBanking,Cancelled
ORD00637,CUST00498,7/9/2024,12534.9,UPI,Cancelled
ORD00638,CUST00799,8/10/2024,7685.8,UPI,Shipped
ORD00639,CUST00865,3/5/2024,13070.72,COD,Delivered
ORD00640,CUST00589,12/29/2024,467.31,UPI,Delivered
ORD00641,CUST00409,11/19/2024,3449.45,NetBanking,Pending
ORD00642,CUST00974,5/20/2024,982.05,Card,Shipped
ORD00643,CUST00140,2/27/2025,4321,COD,Shipped
ORD00644,CUST00167,9/14/2024,13809.23,NetBanking,Cancelled
ORD00645,CUST00060,1/3/2024,1516.6,Card,Shipped
ORD00646,CUST00269,12/18/2024,10812.74,Card,Delivered
ORD00647,CUST00430,3/10/2024,1272.82,NetBanking,Delivered
ORD00648,CUST00068,9/3/2024,1071.98,NetBanking,Delivered
ORD00649,CUST00119,2/16/2024,8700.54,UPI,Shipped
ORD00650,CUST00475,3/8/2025,13311.45,UPI,Delivered
ORD00651,CUST00191,6/10/2024,6525.57,UPI,Cancelled
ORD00652,CUST00970,4/26/2024,12290.72,COD,Delivered
ORD00653,CUST00584,2/24/2025,2215.23,UPI,Delivered
ORD00654,CUST00073,8/24/2024,12183,NetBanking,Delivered
ORD00655,CUST00980,1/3/2024,7361.23,UPI,Cancelled
ORD00656,CUST00729,10/14/2024,5042.99,NetBanking,Shipped
ORD00657,CUST00662,2/19/2025,2284.57,COD,Pending
ORD00658,CUST00569,10/30/2024,8681.65,COD,Cancelled
ORD00659,CUST00610,3/8/2024,4004.94,COD,Delivered
ORD00660,CUST00857,7/30/2024,11044,Card,Pending
ORD00661,CUST00825,4/13/2024,4800.65,UPI,Shipped
ORD00662,CUST00790,4/6/2025,10935.22,UPI,Delivered
ORD00663,CUST00341,5/12/2024,871.98,NetBanking,Pending
ORD00664,CUST00702,4/23/2024,2911,COD,Cancelled
ORD00665,CUST00995,4/19/2024,13248.4,NetBanking,Pending
ORD00666,CUST00537,5/11/2024,11506.33,Card,Cancelled
ORD00667,CUST00941,3/22/2025,2440.48,UPI,Pending
ORD00668,CUST00280,3/17/2025,14689.4,COD,Delivered
ORD00669,CUST00440,1/16/2025,6827.51,Card,Cancelled
ORD00670,CUST00307,4/1/2025,13978.04,Card,Cancelled
ORD00671,CUST00182,5/10/2025,4905.21,Card,Pending
ORD00672,CUST00817,4/16/2025,13634.76,NetBanking,Pending
ORD00673,CUST00142,4/13/2025,8194.84,NetBanking,Cancelled
ORD00674,CUST00457,1/28/2024,12281.31,NetBanking,Delivered
ORD00675,CUST00369,7/20/2024,6844.99,NetBanking,Cancelled
ORD00676,CUST00373,2/10/2024,14421.63,Card,Shipped
ORD00677,CUST00188,10/16/2024,10991.96,UPI,Delivered
ORD00678,CUST00960,10/3/2024,5132.94,NetBanking,Delivered
ORD00679,CUST00506,1/22/2024,9508.37,NetBanking,Delivered
ORD00680,CUST00615,12/7/2024,1705.41,Card,Delivered
ORD00681,CUST00086,5/1/2025,14952.36,COD,Pending
ORD00682,CUST00616,2/18/2024,14796.95,UPI,Shipped
ORD00683,CUST00825,6/17/2024,4564.99,COD,Pending
ORD00684,CUST00704,1/28/2024,10599.92,Card,Delivered
ORD00685,CUST00735,7/26/2024,9390.54,Card,Cancelled
ORD00686,CUST00942,2/22/2025,13996.08,UPI,Shipped
ORD00687,CUST00915,1/1/2024,1423.86,Card,Shipped
ORD00688,CUST00923,8/12/2024,4843.46,NetBanking,Delivered
ORD00689,CUST00162,1/6/2024,12926.99,UPI,Delivered
ORD00690,CUST00114,6/12/2024,5191.46,Card,Cancelled
ORD00691,CUST00818,5/9/2025,9889.21,NetBanking,Pending
ORD00692,CUST00912,11/20/2024,9341,UPI,Pending
ORD00693,CUST00045,5/24/2024,14346.75,COD,Delivered
ORD00694,CUST00454,1/26/2025,10621.93,Card,Pending
ORD00695,CUST00564,10/31/2024,932.86,NetBanking,Cancelled
ORD00696,CUST00029,11/25/2024,13719.14,UPI,Delivered
ORD00697,CUST00403,1/5/2024,4460.12,Card,Cancelled
ORD00698,CUST00739,1/30/2025,380.63,UPI,Delivered
ORD00699,CUST00357,5/22/2024,2065.64,UPI,Shipped
ORD00700,CUST00047,8/7/2024,7695.94,NetBanking,Delivered
ORD00701,CUST00556,2/6/2024,4638.4,UPI,Shipped
ORD00702,CUST00345,11/30/2024,13231.4,Card,Cancelled
ORD00703,CUST00779,6/26/2024,11300.63,NetBanking,Cancelled
ORD00704,CUST00047,3/16/2024,5547.92,UPI,Delivered
ORD00705,CUST00418,1/31/2024,14463.56,UPI,Delivered
ORD00706,CUST00585,7/22/2024,6541.4,UPI,Delivered
ORD00707,CUST00397,10/6/2024,10813.51,COD,Cancelled
ORD00708,CUST00797,1/23/2024,10492.69,Card,Pending
ORD00709,CUST00274,9/13/2024,10476.95,Card,Shipped
ORD00710,CUST00199,12/5/2024,8640.08,NetBanking,Cancelled
ORD00711,CUST00716,10/24/2024,14455.07,NetBanking,Shipped
ORD00712,CUST00003,1/11/2024,6010.93,COD,Pending
ORD00713,CUST00869,1/23/2025,12728.37,NetBanking,Cancelled
ORD00714,CUST00224,1/5/2024,2578.07,NetBanking,Delivered
ORD00715,CUST00506,2/7/2024,3345.25,COD,Cancelled
ORD00716,CUST00134,5/10/2024,13502.89,Card,Cancelled
ORD00717,CUST00471,2/24/2024,8151.14,Card,Delivered
ORD00718,CUST00192,11/17/2024,9990.07,Card,Shipped
ORD00719,CUST00227,2/8/2025,4754.19,UPI,Delivered
ORD00720,CUST00755,1/8/2024,11854.33,UPI,Pending
ORD00721,CUST00694,3/5/2025,886.64,Card,Delivered
ORD00722,CUST00783,11/22/2024,14394.31,COD,Cancelled
ORD00723,CUST00015,5/4/2024,2441.71,UPI,Delivered
ORD00724,CUST00403,7/15/2024,6772.26,Card,Delivered
ORD00725,CUST00918,5/24/2024,10239.41,COD,Cancelled
ORD00726,CUST00898,1/21/2025,14941.13,COD,Cancelled
ORD00727,CUST00580,3/14/2025,12938.42,UPI,Shipped
ORD00728,CUST00755,10/30/2024,8985.23,COD,Cancelled
ORD00729,CUST00405,3/26/2024,887.11,Card,Pending
ORD00730,CUST00824,12/9/2024,13258.12,UPI,Shipped
ORD00731,CUST00379,8/22/2024,5435.1,Card,Delivered
ORD00732,CUST00474,5/10/2024,14752.89,UPI,Shipped
ORD00733,CUST00930,1/1/2024,6784.78,UPI,Cancelled
ORD00734,CUST00166,3/7/2025,3539.62,UPI,Shipped
ORD00735,CUST00442,4/6/2024,10566.28,Card,Delivered
ORD00736,CUST00815,11/27/2024,9198.32,Card,Delivered
ORD00737,CUST00929,6/29/2024,13673.71,UPI,Pending
ORD00738,CUST00005,1/5/2025,10358.65,UPI,Pending
ORD00739,CUST00792,2/24/2024,1858.56,COD,Shipped
ORD00740,CUST00381,10/1/2024,5118.27,UPI,Cancelled
ORD00741,CUST00768,10/18/2024,7063.5,COD,Shipped
ORD00742,CUST00708,12/26/2024,1594.11,UPI,Delivered
ORD00743,CUST00792,1/19/2025,5227.11,Card,Pending
ORD00744,CUST00784,9/30/2024,12162.78,Card,Delivered
ORD00745,CUST00385,10/7/2024,9208.12,Card,Pending
ORD00746,CUST00177,4/5/2025,12094.85,NetBanking,Cancelled
ORD00747,CUST00904,5/7/2025,4802.68,UPI,Delivered
ORD00748,CUST00142,9/20/2024,2688.2,COD,Shipped
ORD00749,CUST00056,1/1/2024,2828.96,Card,Cancelled
ORD00750,CUST00131,10/1/2024,9454.03,Card,Shipped
ORD00751,CUST00969,12/5/2024,2501.21,NetBanking,Delivered
ORD00752,CUST00286,5/22/2024,7411.67,NetBanking,Shipped
ORD00753,CUST00135,1/9/2025,13883.41,UPI,Delivered
ORD00754,CUST00998,8/3/2024,14311.6,NetBanking,Shipped
ORD00755,CUST00011,12/24/2024,10162.27,UPI,Shipped
ORD00756,CUST00650,1/19/2024,3276.29,UPI,Cancelled
ORD00757,CUST00732,4/24/2025,10499,Card,Shipped
ORD00758,CUST00735,3/7/2024,6695.82,NetBanking,Shipped
ORD00759,CUST00897,12/22/2024,1727.88,NetBanking,Shipped
ORD00760,CUST00921,1/22/2024,11697.32,Card,Delivered
ORD00761,CUST00344,8/1/2024,13317.77,COD,Cancelled
ORD00762,CUST00202,7/21/2024,242.71,UPI,Cancelled
ORD00763,CUST00813,1/1/2025,9004.09,COD,Pending
ORD00764,CUST00365,8/23/2024,6088.68,UPI,Shipped
ORD00765,CUST00787,3/8/2024,1251.36,UPI,Shipped
ORD00766,CUST00092,11/2/2024,6352.52,UPI,Pending
ORD00767,CUST00388,6/1/2024,13004.8,UPI,Shipped
ORD00768,CUST00768,10/25/2024,14345.64,Card,Delivered
ORD00769,CUST00805,4/28/2025,631.74,Card,Cancelled
ORD00770,CUST00635,2/4/2024,5929.07,Card,Shipped
ORD00771,CUST00084,10/17/2024,12061.58,Card,Delivered
ORD00772,CUST00499,8/2/2024,407.08,UPI,Cancelled
ORD00773,CUST00571,7/26/2024,13295.01,COD,Pending
ORD00774,CUST00977,8/23/2024,11346.52,UPI,Pending
ORD00775,CUST00718,4/29/2024,6031.22,Card,Delivered
ORD00776,CUST00525,10/19/2024,12101.89,NetBanking,Cancelled
ORD00777,CUST00311,1/31/2024,8801.96,NetBanking,Cancelled
ORD00778,CUST00038,12/1/2024,6726.43,COD,Pending
ORD00779,CUST00702,4/10/2024,4731.31,Card,Shipped
ORD00780,CUST00427,10/17/2024,5288.09,NetBanking,Pending
ORD00781,CUST00465,3/26/2024,3008.64,Card,Pending
ORD00782,CUST00445,3/9/2024,13254.55,UPI,Delivered
ORD00783,CUST00992,5/31/2024,2373.5,Card,Pending
ORD00784,CUST00141,12/6/2024,13810.6,NetBanking,Cancelled
ORD00785,CUST00690,5/16/2024,2439.32,UPI,Pending
ORD00786,CUST00609,4/30/2025,14265.49,UPI,Pending
ORD00787,CUST00655,3/16/2024,3753.51,NetBanking,Delivered
ORD00788,CUST00616,12/2/2024,8649.23,COD,Cancelled
ORD00789,CUST00206,4/22/2024,8483.64,Card,Shipped
ORD00790,CUST00989,1/3/2025,14443.6,NetBanking,Pending
ORD00791,CUST00981,5/13/2025,2962.55,NetBanking,Delivered
ORD00792,CUST00545,7/5/2024,3690.58,Card,Cancelled
ORD00793,CUST00208,5/1/2025,14250.58,UPI,Shipped
ORD00794,CUST00081,2/9/2024,10654.81,NetBanking,Pending
ORD00795,CUST00029,7/26/2024,5733.16,NetBanking,Cancelled
ORD00796,CUST00479,3/18/2025,11719.76,COD,Cancelled
ORD00797,CUST00339,9/12/2024,11981.78,COD,Cancelled
ORD00798,CUST00791,1/4/2025,14152.57,NetBanking,Shipped
ORD00799,CUST00991,7/3/2024,3750.95,NetBanking,Pending
ORD00800,CUST00278,3/14/2025,6016.81,COD,Delivered
ORD00801,CUST00214,8/8/2024,13607.98,Card,Delivered
ORD00802,CUST00352,3/31/2024,4426.15,UPI,Delivered
ORD00803,CUST00341,10/20/2024,13894.34,NetBanking,Delivered
ORD00804,CUST00350,2/21/2025,2943.4,COD,Shipped
ORD00805,CUST00806,6/14/2024,14111.28,COD,Pending
ORD00806,CUST00865,6/3/2024,6810.93,UPI,Shipped
ORD00807,CUST00465,1/7/2024,13077.71,NetBanking,Shipped
ORD00808,CUST00377,5/2/2024,11698.41,UPI,Cancelled
ORD00809,CUST00395,4/2/2024,2013.59,NetBanking,Delivered
ORD00810,CUST00977,12/7/2024,4118.62,Card,Shipped
ORD00811,CUST00919,2/9/2025,2529.71,COD,Delivered
ORD00812,CUST00796,6/3/2024,4887.68,NetBanking,Shipped
ORD00813,CUST00830,1/2/2025,1026.38,COD,Shipped
ORD00814,CUST00789,12/2/2024,6976.89,UPI,Delivered
ORD00815,CUST00547,1/16/2024,9755.13,UPI,Pending
ORD00816,CUST00544,4/26/2025,12364.88,Card,Shipped
ORD00817,CUST00124,4/22/2025,1375.13,COD,Delivered
ORD00818,CUST00955,4/14/2025,8443.32,NetBanking,Shipped
ORD00819,CUST00372,4/17/2024,12271.55,NetBanking,Shipped
ORD00820,CUST00911,8/9/2024,13606.48,COD,Cancelled
ORD00821,CUST00865,5/16/2024,10268.09,COD,Delivered
ORD00822,CUST00510,2/27/2024,3071.13,Card,Delivered
ORD00823,CUST00542,12/20/2024,6281.65,NetBanking,Shipped
ORD00824,CUST00927,4/23/2024,6781.7,COD,Shipped
ORD00825,CUST00441,10/22/2024,6124.51,NetBanking,Pending
ORD00826,CUST00200,4/6/2024,7126.85,UPI,Cancelled
ORD00827,CUST00064,4/11/2025,9756.44,UPI,Cancelled
ORD00828,CUST00157,2/21/2025,12242.34,UPI,Delivered
ORD00829,CUST00959,4/19/2025,5638.82,UPI,Delivered
ORD00830,CUST00943,1/13/2024,2449.35,Card,Shipped
ORD00831,CUST00317,2/3/2024,2957.37,COD,Shipped
ORD00832,CUST00436,3/2/2024,591.75,NetBanking,Shipped
ORD00833,CUST00588,5/10/2025,10446.04,UPI,Shipped
ORD00834,CUST00408,1/25/2025,8030.48,UPI,Pending
ORD00835,CUST00931,3/25/2024,719.22,UPI,Shipped
ORD00836,CUST00638,7/12/2024,5318.78,Card,Pending
ORD00837,CUST00929,3/31/2024,10868.52,Card,Pending
ORD00838,CUST00253,2/5/2025,5290.75,NetBanking,Cancelled
ORD00839,CUST00915,2/27/2025,12925.14,Card,Shipped
ORD00840,CUST00174,3/16/2024,2431.49,COD,Shipped
ORD00841,CUST00631,12/24/2024,3013.54,Card,Delivered
ORD00842,CUST00373,5/27/2024,12822.39,Card,Cancelled
ORD00843,CUST00133,4/25/2024,3554.23,COD,Delivered
ORD00844,CUST00359,9/16/2024,14585.49,COD,Pending
ORD00845,CUST00930,2/16/2024,924.53,COD,Delivered
ORD00846,CUST00192,9/18/2024,5958.53,COD,Delivered
ORD00847,CUST00518,1/26/2025,12142.5,Card,Pending
ORD00848,CUST00102,1/20/2024,409.56,UPI,Shipped
ORD00849,CUST00103,7/21/2024,5442.47,Card,Shipped
ORD00850,CUST00092,12/27/2024,14462.13,COD,Pending
ORD00851,CUST00725,4/17/2025,11478.26,NetBanking,Pending
ORD00852,CUST00206,9/1/2024,4999.82,NetBanking,Shipped
ORD00853,CUST00215,3/15/2024,14699.24,Card,Shipped
ORD00854,CUST00976,3/13/2024,2588.51,UPI,Delivered
ORD00855,CUST00623,1/21/2025,4522.15,Card,Cancelled
ORD00856,CUST00687,10/13/2024,12899.35,Card,Shipped
ORD00857,CUST00752,4/1/2024,14383.64,COD,Delivered
ORD00858,CUST00188,7/12/2024,12351.58,NetBanking,Shipped
ORD00859,CUST00672,7/9/2024,929.77,COD,Shipped
ORD00860,CUST00919,3/2/2025,9604.39,COD,Shipped
ORD00861,CUST00876,2/4/2024,9786.76,UPI,Cancelled
ORD00862,CUST00701,7/22/2024,11936.15,NetBanking,Delivered
ORD00863,CUST00242,2/27/2025,293.43,NetBanking,Shipped
ORD00864,CUST00573,3/14/2025,14256.71,UPI,Cancelled
ORD00865,CUST00014,3/17/2024,13349.48,UPI,Shipped
ORD00866,CUST00395,1/31/2025,2782.82,UPI,Cancelled
ORD00867,CUST00409,12/5/2024,3592.73,COD,Cancelled
ORD00868,CUST00065,7/16/2024,4844.7,NetBanking,Pending
ORD00869,CUST00371,1/24/2024,4912.62,UPI,Shipped
ORD00870,CUST00642,4/24/2025,9963.39,NetBanking,Delivered
ORD00871,CUST00738,8/7/2024,4161.49,UPI,Cancelled
ORD00872,CUST00439,6/17/2024,4219.96,UPI,Pending
ORD00873,CUST00217,10/30/2024,8945.83,COD,Pending
ORD00874,CUST00825,7/2/2024,2935.97,COD,Delivered
ORD00875,CUST00141,2/19/2025,468.77,Card,Pending
ORD00876,CUST00163,5/14/2025,10066.62,UPI,Pending
ORD00877,CUST00140,2/19/2024,10988.67,UPI,Shipped
ORD00878,CUST00076,6/6/2024,14123.85,Card,Pending
ORD00879,CUST00970,4/8/2025,9380.5,COD,Pending
ORD00880,CUST00038,7/26/2024,8582.64,COD,Shipped
ORD00881,CUST00169,2/7/2024,6510.16,COD,Shipped
ORD00882,CUST00818,2/10/2024,9108.74,Card,Shipped
ORD00883,CUST00668,8/12/2024,5963.17,UPI,Pending
ORD00884,CUST00348,5/6/2025,10492.7,COD,Pending
ORD00885,CUST00243,6/29/2024,12641.77,Card,Cancelled
ORD00886,CUST00119,4/13/2024,9118.74,COD,Cancelled
ORD00887,CUST00193,6/7/2024,656.98,NetBanking,Shipped
ORD00888,CUST00128,4/29/2024,2342.03,Card,Delivered
ORD00889,CUST00071,10/27/2024,5409.2,UPI,Cancelled
ORD00890,CUST00827,9/5/2024,5796.41,NetBanking,Pending
ORD00891,CUST00944,2/13/2025,4404.57,UPI,Delivered
ORD00892,CUST00144,1/1/2024,6428.8,COD,Pending
ORD00893,CUST00317,6/5/2024,8262.38,COD,Pending
ORD00894,CUST00305,7/24/2024,8671.46,COD,Cancelled
ORD00895,CUST00964,3/29/2025,1517.6,Card,Pending
ORD00896,CUST00356,3/31/2025,6514.13,UPI,Cancelled
ORD00897,CUST00339,3/15/2025,688.79,COD,Shipped
ORD00898,CUST00323,6/29/2024,10545.67,COD,Shipped
ORD00899,CUST00603,1/20/2024,11138.9,NetBanking,Pending
ORD00900,CUST00191,11/11/2024,14450.71,COD,Delivered
ORD00901,CUST00904,2/26/2024,9597.85,NetBanking,Shipped
ORD00902,CUST00713,10/18/2024,5826.32,NetBanking,Shipped
ORD00903,CUST00712,1/26/2024,5690.23,COD,Delivered
ORD00904,CUST00377,4/1/2024,5376.52,Card,Shipped
ORD00905,CUST00424,8/24/2024,10181.43,COD,Cancelled
ORD00906,CUST00081,4/30/2024,12829.22,NetBanking,Cancelled
ORD00907,CUST00403,11/9/2024,5360.48,NetBanking,Pending
ORD00908,CUST00446,12/2/2024,3870.6,NetBanking,Cancelled
ORD00909,CUST00923,3/23/2025,14143.02,NetBanking,Shipped
ORD00910,CUST00727,6/6/2024,4009.49,UPI,Cancelled
ORD00911,CUST00125,11/9/2024,6053.72,Card,Shipped
ORD00912,CUST00723,3/2/2025,14182.3,NetBanking,Cancelled
ORD00913,CUST00462,10/23/2024,4419.32,NetBanking,Pending
ORD00914,CUST00018,5/15/2024,7982.2,Card,Shipped
ORD00915,CUST00049,4/24/2024,8981.15,COD,Shipped
ORD00916,CUST00741,11/5/2024,7260.01,Card,Cancelled
ORD00917,CUST00256,2/21/2024,2533.86,UPI,Pending
ORD00918,CUST00063,3/7/2024,10430.82,UPI,Pending
ORD00919,CUST00045,1/24/2025,7288.17,NetBanking,Cancelled
ORD00920,CUST00294,4/8/2024,9528.4,COD,Cancelled
ORD00921,CUST00484,6/21/2024,12045.22,Card,Shipped
ORD00922,CUST00251,1/20/2024,350.38,NetBanking,Cancelled
ORD00923,CUST00444,10/17/2024,12754.2,COD,Delivered
ORD00924,CUST00741,3/16/2024,9241.89,UPI,Delivered
ORD00925,CUST00919,3/13/2024,11111.99,NetBanking,Delivered
ORD00926,CUST00798,3/10/2024,1899.02,COD,Cancelled
ORD00927,CUST00403,3/15/2025,12991.92,COD,Shipped
ORD00928,CUST00597,6/18/2024,5193.25,COD,Delivered
ORD00929,CUST00963,10/11/2024,6567.61,UPI,Shipped
ORD00930,CUST00071,4/28/2025,4064.15,NetBanking,Cancelled
ORD00931,CUST00266,4/6/2024,10497.29,COD,Pending
ORD00932,CUST00087,4/23/2024,1272.69,NetBanking,Delivered
ORD00933,CUST00210,3/29/2025,4590.03,Card,Shipped
ORD00934,CUST00418,2/28/2025,2532.06,Card,Delivered
ORD00935,CUST00255,3/15/2025,3084.56,COD,Cancelled
ORD00936,CUST00272,4/3/2024,6217.35,UPI,Delivered
ORD00937,CUST00238,6/3/2024,10016.63,COD,Pending
ORD00938,CUST00842,2/4/2025,8196.03,UPI,Delivered
ORD00939,CUST00811,10/9/2024,13543.78,NetBanking,Shipped
ORD00940,CUST00882,10/18/2024,4352.58,UPI,Shipped
ORD00941,CUST00825,3/29/2025,9876.52,COD,Pending
ORD00942,CUST00293,3/31/2025,1153.29,NetBanking,Shipped
ORD00943,CUST00310,1/20/2024,3276.02,NetBanking,Delivered
ORD00944,CUST00234,3/20/2024,8141.11,NetBanking,Delivered
ORD00945,CUST00166,3/24/2024,12262.99,NetBanking,Pending
ORD00946,CUST00347,7/19/2024,2881.38,NetBanking,Shipped
ORD00947,CUST00206,4/11/2024,2175.45,Card,Shipped
ORD00948,CUST00140,1/5/2024,440.38,NetBanking,Pending
ORD00949,CUST00111,10/20/2024,3389.79,UPI,Shipped
ORD00950,CUST00225,1/12/2024,3119.57,COD,Pending
ORD00951,CUST00070,8/13/2024,11064.14,UPI,Pending
ORD00952,CUST00468,2/5/2025,5604.96,UPI,Pending
ORD00953,CUST00438,3/14/2025,2301.52,COD,Cancelled
ORD00954,CUST00834,1/19/2025,4864.79,UPI,Shipped
ORD00955,CUST00658,5/22/2024,5678.89,UPI,Delivered
ORD00956,CUST00926,4/27/2025,2761.02,Card,Cancelled
ORD00957,CUST00500,2/21/2025,2725.28,UPI,Shipped
ORD00958,CUST00734,5/18/2024,13784.92,Card,Delivered
ORD00959,CUST00554,3/6/2024,4580.88,UPI,Delivered
ORD00960,CUST00466,2/16/2024,10821.95,Card,Shipped
ORD00961,CUST00054,5/29/2024,13239.98,UPI,Pending
ORD00962,CUST00900,2/20/2025,10888.74,NetBanking,Pending
ORD00963,CUST00795,1/8/2025,14384.93,COD,Pending
ORD00964,CUST00845,6/13/2024,4054.66,UPI,Shipped
ORD00965,CUST00271,4/18/2025,940.69,NetBanking,Shipped
ORD00966,CUST00894,10/1/2024,13823.37,Card,Pending
ORD00967,CUST00152,11/18/2024,5224.28,UPI,Shipped
ORD00968,CUST00325,3/20/2024,9062.2,NetBanking,Pending
ORD00969,CUST00777,7/20/2024,8099.89,NetBanking,Shipped
ORD00970,CUST00254,4/29/2025,7384.92,Card,Pending
ORD00971,CUST00788,10/20/2024,14119.23,Card,Delivered
ORD00972,CUST00087,3/7/2024,1472.1,UPI,Delivered
ORD00973,CUST00469,9/28/2024,14496.95,UPI,Shipped
ORD00974,CUST00355,12/22/2024,14741.3,COD,Delivered
ORD00975,CUST00939,12/8/2024,13384.66,UPI,Pending
ORD00976,CUST00051,3/13/2025,12971.72,COD,Cancelled
ORD00977,CUST00037,12/21/2024,12009.48,Card,Shipped
ORD00978,CUST00107,6/29/2024,8898.8,NetBanking,Cancelled
ORD00979,CUST00613,4/1/2024,4911.42,UPI,Pending
ORD00980,CUST00177,2/22/2024,2797.44,COD,Pending
ORD00981,CUST00261,1/18/2025,3896.65,COD,Shipped
ORD00982,CUST00022,3/24/2024,5538.61,NetBanking,Shipped
ORD00983,CUST00116,3/14/2024,5760.07,COD,Cancelled
ORD00984,CUST00831,12/16/2024,4057.96,COD,Shipped
ORD00985,CUST00200,4/10/2025,11152.56,UPI,Shipped
ORD00986,CUST01000,4/13/2024,4490.47,NetBanking,Pending
ORD00987,CUST00927,3/25/2025,12536.01,NetBanking,Pending
ORD00988,CUST00614,9/17/2024,8785.64,NetBanking,Delivered
ORD00989,CUST00476,5/18/2024,507.98,Card,Delivered
ORD00990,CUST00384,3/16/2025,9284.98,COD,Cancelled
ORD00991,CUST00627,2/6/2024,11538.11,NetBanking,Shipped
ORD00992,CUST00699,2/7/2025,6833.29,NetBanking,Shipped
ORD00993,CUST00438,7/22/2024,9592.98,Card,Shipped
ORD00994,CUST00899,4/30/2025,9046.44,NetBanking,Pending
ORD00995,CUST00275,4/29/2024,2937.8,COD,Pending
ORD00996,CUST00814,6/12/2024,2723.35,NetBanking,Shipped
ORD00997,CUST00429,1/9/2024,1392.19,COD,Cancelled
ORD00998,CUST00086,10/4/2024,2298.05,Card,Delivered
ORD00999,CUST00378,11/30/2024,8676.03,Card,Shipped
